timestamp,open,high,low,close,volume,EMA_9,SMA_5,SMA_10,SMA_15,SMA_30,RSI,MACD,MACD_signal,predictions
2023-03-08,22198.56,22287.0,21580.0,21705.44,301460.57272,21705.44,,,,,,0.0,0.0,53464.45
2023-03-09,21704.37,21834.99,20042.72,20362.22,443658.28584,20998.48210526316,,,,,,-107.15145299145296,-21.4302905982906,53464.45
2023-03-10,20362.21,20367.78,19549.09,20150.69,618456.4671,20685.6436900369,,,,,,-206.755110429298,-58.49525456449207,53417.81
2023-03-11,20150.69,20686.51,19765.03,20455.73,427831.82133,20618.788880488515,,,,,,-258.10230516915544,-98.41666468542476,31249.582
2023-03-12,20455.73,22150.0,20270.6,21997.11,430944.94288,20955.3670152133,20934.238,,,,,-172.4311636671191,-113.21956448176364,28932.732
2023-03-13,21998.05,24500.0,21813.88,24113.48,687889.31259,21629.372420036747,21415.846,,,,,65.48236501587235,-77.47917858223644,28932.732
2023-03-14,24112.27,26386.87,23976.42,24670.41,699360.93423,22212.278210698765,22277.484,,,,,295.5630799097744,-2.8707268838342728,29654.441
2023-03-15,24670.41,25196.97,23896.95,24285.66,581450.72984,22576.32780111853,23104.478000000003,,,,,441.76520035474095,86.05645856388078,29654.441
2023-03-16,24285.66,25167.4,24123.0,24998.78,439421.32998,22971.77886589981,24013.088,,,,,608.1637254856432,190.47791194823327,30153.652
2023-03-17,24998.78,27756.84,24890.0,27395.13,624460.68091,23650.91362919236,25092.692,23013.465,,,,922.7641229473412,336.93515414805483,25894.496
2023-03-18,27395.13,27724.85,26578.0,26907.49,371238.97174,24125.5021833512,25651.494,23533.67,,,,1119.8300283894423,493.5141289963323,25894.496
2023-03-19,26907.49,28390.1,26827.22,27972.87,372066.99054,24661.668039144803,26311.986,24294.735,,,,1346.4523756345116,664.1017783239681,33231.805
2023-03-20,27972.87,28472.0,27124.47,27717.01,477378.23373,25071.33376659452,26998.256,25051.367,,,,1488.2508257480586,828.9315878087862,33231.805
2023-03-21,27717.01,28438.55,27303.1,28105.47,420929.7422,25464.74793205614,27619.594,25816.341,,,,1613.3746162843418,985.8201935038974,33429.742
2023-03-22,28107.81,28868.05,26601.8,27250.97,224113.41296,25689.68208657017,27590.762,26341.727000000003,24539.230666666663,,71.97027383160612,1624.8547984277611,1113.6271144886705,34193.613
2023-03-23,27250.97,28750.0,27105.0,28295.41,128649.60818,26009.521827656088,27868.346,26759.92,24978.562,,82.19181528597804,1698.6495303244228,1230.6315976558208,34351.41
2023-03-24,28295.42,28374.3,27000.0,27454.47,86242.06544,26182.9374899943,27764.666000000005,27038.326,25451.37866666667,,78.19739698992214,1670.0245535446047,1318.5101888335776,33911.56
2023-03-25,27454.46,27787.33,27156.09,27462.95,50844.08102,26333.543964922603,27713.854,27356.055,25938.862666666668,,77.68645393769856,1629.242425827717,1380.6566362324056,33906.27
2023-03-26,27462.96,28194.4,27417.76,27968.05,49671.70353,26522.522807893445,27686.370000000003,27652.982,26439.684,,75.69622802608295,1619.0166286042004,1428.328634706765,33600.105
2023-03-27,27968.05,28023.86,26508.14,27124.91,88039.46898,26591.098762215992,27661.158,27625.96,26781.537333333334,,64.55487579131744,1525.2956008239053,1447.7220279301928,34709.22
2023-03-28,27124.9,27520.0,26631.78,27261.07,78602.44341,26666.327318586253,27454.29,27661.318,26991.376666666667,,63.05207812726716,1445.3469254880692,1447.247007441768,35125.926
2023-03-29,27261.06,28650.0,27240.1,28348.6,89486.16008,26852.930749642845,27633.116,27698.891,27236.58933333333,,69.11593943785229,1452.992414321954,1448.3960888178055,33846.082
2023-03-30,28348.6,29184.68,27686.0,28028.53,98865.43256,26981.923195317755,27746.232,27730.043,27486.114,,64.802302118907,1416.8915019915548,1442.0951714525554,34709.22
2023-03-31,28028.53,28656.69,27511.71,28465.36,78198.12139,27143.12540246636,27845.694,27766.032,27717.21933333333,,56.46701383643543,1407.3072373225368,1435.137584626552,35482.363
2023-04-01,28465.36,28819.71,28220.27,28452.73,30238.44753,27284.214629432096,28111.258,27886.208,27787.726,,59.905994215028606,1382.752987370197,1424.660665175281,35125.926
2023-04-02,28452.74,28530.0,27856.43,28171.87,37365.65692,27379.11153314833,28293.418,27873.854,27872.018,,51.41838916607271,1325.352672024408,1404.7990665451066,34946.684
2023-04-03,28171.87,28500.99,27200.24,27800.0,79180.01405,27423.798940838,28183.698,27908.407,27860.49333333333,,50.58189513126472,1235.6123375281386,1370.9617207417132,34895.574
2023-04-04,27800.0,28444.44,27662.79,28165.47,49722.55691,27502.061921312707,28211.086,27978.659,27890.390666666663,,50.42205846353838,1180.376208364076,1332.844618266186,34713.91
2023-04-05,28165.47,28775.0,27805.1,28170.01,60737.64732,27572.15836173764,28152.016,27998.855,27894.693333333336,,57.34285065978912,1124.0106233111585,1291.0778192751804,34465.55
2023-04-06,28170.01,28182.05,27711.0,28033.82,40118.94963,27620.368196290845,28068.234000000004,28089.746000000003,27946.88333333333,26243.057,47.55514681829821,1056.176154984103,1244.0974864169652,33034.96
2023-04-07,28033.83,28100.0,27766.94,27906.33,24762.09387,27650.098654360005,28015.126,28154.272,27920.944666666663,26449.753333333338,54.87300382196379,980.82315381636,1191.4426198968442,33259.594
2023-04-08,27906.34,28154.99,27859.02,27938.38,19479.96735,27679.95185338889,28042.802000000003,28113.25,27953.20533333333,26702.292,55.10125688583307,913.1651255075448,1135.7871210189844,33953.98
2023-04-09,27938.38,28530.0,27800.0,28323.76,32531.16101,27746.38568294088,28074.460000000003,28142.773,28010.592666666667,26974.72766666667,53.91732981514071,880.4928226957054,1084.7282613543289,33980.79
2023-04-10,28323.76,29770.0,28170.0,29637.34,67754.0622,27940.890855690315,28367.926,28259.971,28121.878666666667,27280.781333333336,75.07089898516165,949.6477669577072,1057.7121624750043,32975.336
2023-04-11,29637.35,30550.0,29590.0,30200.42,67990.07621,28172.644935118533,28801.246000000003,28434.74,28326.912666666667,27554.225,77.02815779842837,1037.9248569982192,1053.7547013796473,33121.387
2023-04-12,30200.43,30486.0,29637.4,29888.07,62049.48451,28348.14108908176,29197.594,28606.36,28502.046,27746.711333333333,66.5094511613143,1070.3428066653069,1057.0723224367791,33536.598
2023-04-13,29888.07,30595.0,29854.59,30373.84,51934.11731,28554.90319762643,29684.686,28863.744,28637.062,27936.825666666668,74.28817606962593,1122.2947295478916,1070.1168038590015,32983.98
2023-04-14,30373.84,31000.0,29966.0,30466.93,75984.19452,28749.65979699633,30113.32,29093.89,28799.622,28142.868,72.31728121132386,1157.634102409771,1087.6202635691557,33088.566
2023-04-15,30466.93,30595.6,30202.0,30295.09,25429.81247,28906.783288333143,30244.870000000003,29306.398,28921.604,28319.411666666667,69.8377968627519,1158.4211996387676,1101.780450783078,33510.645
2023-04-16,30295.1,30549.99,30120.0,30304.65,26431.99322,29048.6671279241,30265.716,29533.481,29045.065333333336,28416.395666666667,74.38990361963843,1146.599111147083,1110.7441828558792,32983.98
2023-04-17,30304.66,30316.06,29240.65,29430.27,56441.81127,29087.341897651404,30174.156,29685.875,29128.958666666666,28500.48833333333,66.72150686083654,1054.5190234553374,1099.4991509757708,33536.598
2023-04-18,29430.27,30485.0,29096.78,30380.01,62004.89434,29218.175110513635,30175.390000000003,29930.038,29300.959333333336,28580.726333333336,70.28323661303088,1046.1219288426582,1088.8237065491485,33510.645
2023-04-19,30380.01,30413.53,28520.0,28797.1,86575.48656,29175.60893772732,29841.424,29977.372,29343.068000000003,28616.729333333333,54.45540333730733,901.3493683473388,1051.3288389087866,33978.4
2023-04-20,28797.1,29088.3,28010.0,28243.65,76879.09372,29081.50040411816,29431.136,29838.003,29347.97733333333,28621.335333333336,51.40737282803934,733.5019278641448,987.7634566998582,33971.63
2023-04-21,28243.65,28374.02,27125.0,27262.84,77684.7679,28898.0330674762,28822.774,29544.245000000003,29296.578666666665,28621.731000000003,46.12728229090308,515.3972730369787,893.2902199672824,33124.832
2023-04-22,27262.84,27882.72,27140.35,27816.85,36023.69686,28789.05874923707,28500.090000000004,29337.123,29290.61333333333,28605.779,49.31183075781855,382.8386144340766,791.1998988606413,33891.254
2023-04-23,27816.85,27816.85,27311.25,27590.6,34812.09581,28668.35957332521,27942.207999999995,29058.799,29267.428,28610.316666666666,45.7722568338404,256.57084926731113,684.2740889419753,33751.844
2023-04-24,27590.59,28000.0,26942.82,27510.93,53111.56874,28551.875464247743,27684.974,28763.199,29213.23933333333,28611.916,35.70367262747564,148.36378710796637,577.0920285751735,34573.812
2023-04-25,27510.93,28399.99,27192.0,28300.79,52325.14637,28526.62230772073,27696.402,28563.769,29124.136,28623.00733333333,37.60629670563397,124.90419382519758,486.6544616251783,34577.09
2023-04-26,28300.8,30036.0,27235.0,28415.29,129228.40403,28515.4314015338,27926.892,28374.833,29005.12733333333,28666.02,40.13654190285354,114.23466411561822,412.1705021232663,34583.066
2023-04-27,28415.29,29890.0,28378.86,29472.77,95430.82431,28611.61138238108,28258.076,28379.082999999995,28977.440666666665,28739.743333333336,44.3946227395164,188.93090535038937,367.5225827686909,34475.7
2023-04-28,29472.77,29599.54,28891.0,29311.7,54298.16578,28681.91372534544,28602.296,28272.252,28906.63133333333,28771.846666666665,42.87381577762342,232.4516538351745,340.50839698198763,34511.805
2023-04-29,29311.69,29448.88,29031.0,29230.45,20466.83058,28736.97422071512,28946.2,28315.587,28824.199333333338,28811.91066666667,43.35840318205751,257.4186031741337,323.89043822041685,34511.805
2023-04-30,29230.45,29969.39,29079.59,29233.21,39752.5372,28786.766164720422,29132.684,28414.543,28753.407333333333,28837.505666666664,43.31030676286876,274.2662289733271,313.9655963709989,34511.805
2023-05-01,29233.2,29337.34,27666.95,28068.26,64433.65958,28714.69622119657,29063.278,28495.085000000003,28604.314666666665,28824.69,41.79384506748637,191.40991039465007,289.4544591757292,34627.383
2023-05-02,28068.26,28879.88,27872.0,28669.86,50824.5224,28710.20028503394,28902.696000000004,28580.386,28553.620666666666,28841.289666666664,39.24511072791009,172.30356495102387,266.02428033078814,34583.066
2023-05-03,28669.85,29266.66,28113.69,29026.16,64615.79213,28741.87433416089,28845.588,28723.942,28463.364,28882.161666666667,51.703311738915765,183.7934246182521,249.57810918828096,35315.26
2023-05-04,29026.16,29379.83,28663.64,28838.16,42575.47501,28751.52430951654,28767.13,28856.665,28466.10133333333,28904.58466666667,54.67491597874344,175.7037884644487,234.8032450435145,35432.14
2023-05-05,28838.16,29677.0,28800.0,29505.61,58415.83048,28827.083746438668,28821.61,28977.147,28550.232,28949.104666666663,68.55016004565645,220.6073067090256,231.9640573766168,34413.53
2023-05-06,29505.6,29820.0,28300.0,28848.2,49249.28459,28829.19917323855,28977.598,29020.438,28655.922666666665,28976.250666666667,58.3869367574469,200.8311195022543,225.73746980174428,35959.926
2023-05-07,28848.19,29138.29,28395.23,28430.1,30003.41028,28789.2246046744,28929.646,28916.171,28696.806,28993.709666666666,56.62024477950917,149.69557545702992,210.52909093280144,35959.926
2023-05-08,28430.09,28631.01,27262.0,27668.79,68244.36179,28677.01781843898,28658.172,28751.88,28702.018666666667,28984.72333333333,51.12403233248458,47.19490048762236,177.86225284376565,35315.26
2023-05-09,27668.8,27818.0,27353.0,27628.27,40113.31069,28572.00546826269,28416.194,28591.662,28709.841333333334,28961.54033333333,44.63931002598562,-36.88209443699088,134.91338338761437,34499.37
2023-05-10,27628.28,28331.42,26777.0,27598.75,71155.11355,28474.56503736988,28034.822,28428.216,28663.038666666667,28893.587333333333,43.40193156768567,-104.6889469341986,86.99291732325176,34511.805
2023-05-11,27598.74,27630.14,26702.05,26968.62,47635.31365,28323.81056555852,27658.906,28318.252,28566.594,28785.860666666667,28.263983042755925,-206.88771801395703,28.216790255810004,33628.273
2023-05-12,26968.61,27091.12,25811.46,26795.01,67207.93494,28170.78436822661,27331.888,28130.767,28388.076666666668,28682.75866666667,28.20258760313256,-298.4495162329804,-37.11647104194808,33377.01
2023-05-13,26795.01,27045.45,26692.03,26775.28,22814.90421,28031.113884000428,27153.186,27905.679000000004,28218.982,28562.806666666667,28.50637060330321,-368.3587368748631,-103.36492420853108,33458.875
2023-05-14,26775.27,27200.0,26560.53,26917.62,21594.8036,27919.67829415299,27011.056,27713.625,28064.79333333333,28444.496333333333,30.211913580141427,-407.57834009143335,-164.20760738511154,33375.156
2023-05-15,26917.61,27663.59,26726.0,27162.14,40430.08333,27843.871688284125,26923.734,27479.278,27926.722,28340.064666666665,40.81114847460929,-414.1553130948305,-214.19714852705533,34413.668
2023-05-16,27162.15,27296.89,26852.11,27033.84,33270.45451,27762.81773276973,26936.778,27297.842,27857.760666666665,28231.037666666667,31.64761152641546,-424.8232513385774,-256.32236908935977,33629.09
2023-05-17,27033.85,27500.0,26544.71,27405.61,42958.97785,27727.07680443724,27058.898,27195.393,27773.477333333336,28163.549,31.88402556839144,-398.6831659017589,-284.7945284518396,33629.09
2023-05-18,27405.62,27485.33,26361.2,26821.28,49198.65143,27636.4511288544,27068.098,27110.642,27626.48533333333,28044.924666666662,29.288730427353244,-420.2728634552259,-311.8901954525169,33375.156
2023-05-19,26821.28,27183.6,26630.0,26880.26,28754.13544,27560.79745919535,27060.626,27035.841000000004,27495.958666666666,27981.029999999995,19.190155307857864,-427.6934770546104,-335.05085177293563,33421.56
2023-05-20,26880.26,27150.0,26825.11,27102.43,14434.54718,27514.941862117044,27048.684,26986.209000000003,27335.746666666662,27942.98933333333,27.181445783762484,-410.9103854067798,-350.22275849970447,33377.01
2023-05-21,27102.42,27277.55,26666.03,26747.78,21347.87279,27438.197281294146,26991.472,26964.125,27195.718666666668,27925.820666666667,27.639903452529083,-421.3696681851834,-364.4521404368003,33377.01
2023-05-22,26747.78,27099.89,26538.21,26849.27,26458.83828,27379.284935964268,26880.204,26969.551,27090.33,27893.568000000003,36.79071326795744,-416.66626103794624,-374.8949645570296,34399.863
2023-05-23,26849.28,27495.83,26798.11,27219.61,38700.83858,27363.3126556244,26959.870000000003,27013.984000000004,27060.38466666667,27881.201666666668,44.04612049372357,-378.6901299563433,-375.6539976368923,34342.406
2023-05-24,27219.61,27219.61,26080.5,26329.01,54393.0657,27259.85448515812,26849.620000000003,26955.123,26973.76733333333,27841.804333333333,35.21136931161716,-415.6662081122813,-383.6564397319702,34404.414
2023-05-25,26329.0,26631.98,25871.89,26473.79,37435.44895,27181.22895033736,26723.892000000003,26886.288,26898.77,27780.90433333333,43.50209186339992,-428.3497313613807,-392.5950980578523,34342.406
2023-05-26,26473.8,26932.16,26327.24,26705.92,35061.18713,27133.687668745868,26715.52,26853.496,26881.256666666664,27723.925333333333,48.84781422249123,-414.8879933786375,-397.0536771220093,35195.387
2023-05-27,26705.93,26895.0,26551.0,26854.27,15095.6867,27105.74040668357,26716.52,26798.362,26885.20733333333,27636.642,50.98867263283061,-387.7787913308639,-395.1986999637803,35150.598
2023-05-28,26854.28,28261.32,26764.36,28065.0,43916.00855,27201.6833444944,26885.598,26922.734000000004,26971.18866666667,27595.085333333336,61.33071572186429,-265.53780634949,-369.2665212409223,35796.973
2023-05-29,28065.01,28447.14,27524.6,27736.4,42385.41945,27255.16352772202,27167.076,27008.348,27025.774,27545.283666666663,55.5783510322077,-192.95198841422825,-334.0036146755835,35431.918
2023-05-30,27736.39,28038.59,27554.0,27694.4,32686.75371,27299.09347191721,27411.198,27067.545,27061.258,27493.99,56.52608616615161,-137.23430212974563,-294.6497521664159,35962.16
2023-05-31,27694.39,27835.51,26839.01,27210.35,46588.80573,27290.217979724795,27512.084000000003,27113.802000000003,27073.02533333333,27465.393,48.11277352509084,-130.63059575723673,-261.8459208845801,34983.516
2023-06-01,27210.36,27350.0,26605.05,26817.93,39217.8088,27242.98369755425,27504.816,27110.668,27033.846666666665,27403.662,49.96637417215221,-155.2722435194337,-240.53118541155084,35081.97
2023-06-02,26817.93,27300.0,26505.0,27242.59,36380.90269,27242.944323684427,27340.333999999995,27112.966000000004,27061.934,27344.20966666667,53.38818059573927,-138.93288215340726,-220.21152475992216,35281.35
2023-06-03,27242.59,27333.29,26914.93,27069.22,16595.34117,27225.57025735265,27206.898,27186.987,27074.53133333333,27285.245,49.6865898980214,-138.3781929674551,-203.84485840142875,35077.195
2023-06-04,27069.22,27455.02,26951.0,27115.21,19258.41049,27214.53329743257,27091.06,27251.129000000004,27075.38333333333,27205.565,53.68202488821548,-132.69793001017388,-189.6154727231778,35393.656
2023-06-05,27115.2,27129.33,25388.0,25728.2,65805.60305,27065.88864433384,26794.63,27153.357,27007.411333333333,27101.565,41.06721402128754,-237.38002678141493,-199.16838353482524,34628.004
2023-06-06,25728.2,27355.33,25351.02,27230.08,68392.60438,27082.30890566722,26877.06,27190.938,27032.79866666667,27061.564333333336,50.07068049042945,-196.8826379066704,-198.71123440919428,35081.97
2023-06-07,27230.07,27391.77,26125.01,26339.34,59619.44364,27008.007430428137,26696.41,27018.372000000003,26974.114,27017.249333333333,50.06973406546228,-233.96641998023188,-205.7622715234018,35081.97
2023-06-08,26339.34,26810.0,26210.0,26498.61,31075.51083,26957.064858376863,26582.288,26894.593,26985.42066666667,26979.594,50.16722362960168,-247.64908206088148,-214.1396336308977,34912.566
2023-06-09,26498.62,26783.33,26269.91,26477.81,27934.7097,26909.136977105685,26454.808,26772.934,26985.68866666667,26942.229333333333,48.41807133831819,-257.2061639524327,-222.7529396952048,35369.37
2023-06-10,26477.8,26533.87,25358.0,25841.21,64944.60108,26802.339475433928,26477.41,26636.02,26928.04133333333,26904.649,43.42008178620234,-312.5456877825381,-240.71148931267143,34342.406
2023-06-11,25841.22,26206.88,25634.7,25925.55,30014.29595,26714.656978172832,26216.504,26546.782,26866.126666666663,26875.667,33.72232273693531,-345.613113144791,-261.69181407909537,34005.93
2023-06-12,25925.54,26106.48,25602.11,25905.19,29900.50893,26633.707330923626,26129.674,26413.042,26722.139333333333,26846.664,35.38187176797598,-369.2061887061536,-283.19468900450704,34404.414
2023-06-13,25905.2,26433.21,25712.57,25934.25,41065.60853,26563.759304106025,26016.802,26299.545,26601.996,26813.885,35.92003903656477,-381.1651374940448,-302.78877870241456,34401.637
2023-06-14,25934.24,26098.0,24820.56,25128.6,45077.31608,26420.23913803278,25746.96,26100.884,26430.942666666662,26746.10033333333,34.16233652609877,-450.4592980829148,-332.3228825785146,34370.68
2023-06-15,25128.6,25759.01,24800.0,25598.49,48664.86063,26338.06204149086,25698.416,26087.913,26323.48533333333,26698.25533333333,40.830754238588085,-462.1320529820841,-358.28471665922854,34413.668
2023-06-16,25598.49,26518.0,25175.56,26345.0,51596.91662,26338.75585392753,25782.306,25999.405,26291.95666666667,26662.901666666665,43.56240505947813,-406.4602563591361,-367.9198245992101,34342.406
2023-06-17,26345.01,26839.99,26181.0,26516.99,27842.2195,26356.579652009044,25904.666,26017.17,26243.58333333333,26652.75866666667,46.03857339001362,-344.4907261689696,-363.234004913162,34369.895
2023-06-18,26516.99,26700.0,26255.85,26339.97,21538.31022,26354.91865464582,25985.81,26001.306,26194.96666666667,26634.749,44.54142445135417,-306.1345332716119,-351.814110584852,34329.97
2023-06-19,26339.98,27068.09,26256.61,26844.35,35872.65974,26403.862642124863,26328.96,26037.96,26176.909333333333,26626.14633333333,58.97444556475927,-232.35923076489053,-327.9231346208597,35962.16
2023-06-20,26844.35,28402.74,26652.0,28307.99,69666.95525,26594.27836443835,26870.860000000004,26284.638,26348.89533333333,26678.15333333333,58.72060191739814,-55.15249255290109,-273.369006207268,35962.16
2023-06-21,28308.0,30800.0,28257.99,29993.89,108926.40412,26934.244326891618,27600.638,26691.472,26533.14933333333,26782.974,76.19595120573555,218.8009632263238,-174.93501232054965,34498.36
2023-06-22,29993.89,30500.0,29525.61,29884.92,59054.5646,27229.31564285772,28274.224,27089.445,26769.52133333333,26871.817666666662,74.44950332918896,422.25063982570646,-55.49788189129842,34399.195
2023-06-23,29884.92,31431.94,29800.0,30688.5,73931.89635,27575.238033783284,29143.93,27564.870000000003,27048.84733333333,27017.134,77.31415471679016,640.9398093571181,83.78965635838489,34119.445
2023-06-24,30688.51,30800.0,30250.0,30527.43,30513.30135,27870.46026836874,29880.545999999995,28104.753000000004,27318.822,27152.25533333333,82.39758529719204,792.1244315329313,225.45661139329417,32870.32
2023-06-25,30527.44,31046.01,30277.49,30462.66,30223.44801,28129.682642290623,30311.48,28591.17,27626.91866666667,27277.48,81.45183763841727,896.380025185972,359.6412941518297,32617.184
2023-06-26,30462.67,30666.0,29930.0,30267.99,45180.41489,28343.51516040872,30366.3,28983.469,27916.414666666667,27391.270666666667,79.52985610049952,952.3173703536122,478.17650939218623,34083.53
2023-06-27,30267.99,30994.97,30226.17,30692.44,42699.64157,28578.40940647955,30527.804000000004,29401.014000000003,28235.56466666667,27478.852,80.56984332777812,1019.1495653384736,586.3711205814437,34150.387
2023-06-28,30692.44,30709.74,29858.8,30077.41,40463.51937,28728.31047789636,30405.586,29774.757999999994,28511.77533333333,27556.885666666665,82.59282627336876,1010.8345093825884,671.2637983416727,32602.91
2023-06-29,30077.4,30843.98,30049.98,30447.31,36330.62903,28900.211474645264,30389.562,30135.054,28866.356,27648.64933333334,82.36050230382762,1022.3080751221896,741.4726536977761,32602.91
2023-06-30,30447.31,31282.0,29500.0,30472.0,89419.07618,29057.391186758305,30391.43,30351.455,29191.256666666664,27757.371,80.47978895312599,1021.616674204528,797.5014577991265,33530.195
2023-07-01,30471.99,30661.6,30320.57,30585.9,17501.75075,29210.242820400003,30455.012,30410.656,29473.983333333334,27882.97,80.31084763489707,1018.5186629533164,841.7048988299646,33553.234
2023-07-02,30585.9,30791.0,30155.0,30617.03,23286.41019,29350.922161526265,30439.93,30483.867,29747.319333333333,27995.45133333333,82.56935645011941,1006.9677007143,874.7574592068318,32518.07
2023-07-03,30617.02,31380.0,30570.27,31156.2,43761.64311,29531.450665090862,30655.688,30530.637,30068.40133333333,28131.684,82.66122495974018,1029.4530983821423,905.696587041894,32579.441
2023-07-04,31156.2,31350.69,30620.0,30766.51,33206.11943,29654.95704172897,30719.528,30554.545,30329.878666666667,28253.394000000004,72.24132066322652,1004.2518219295162,925.4076340194184,33379.684
2023-07-05,30766.52,30878.07,30200.0,30504.81,33215.67122,29739.942611995382,30726.090000000004,30558.76,30476.33333333333,28412.61433333333,56.22660088916624,952.1864136326768,930.7633899420704,33941.035
2023-07-06,30504.8,31500.0,29850.45,29895.43,71319.6261,29755.49139598561,30587.996,30521.504,30469.769333333334,28501.459333333336,50.11416145101271,851.9317898829322,914.9970699302428,33723.668
2023-07-07,29895.42,30449.0,29701.02,30344.7,34070.53895,29814.41241050612,30533.53,30486.73,30500.42133333333,28634.97133333333,45.95417080507059,799.5152978866026,891.9007155215148,32953.484
2023-07-08,30344.7,30386.81,30044.47,30284.63,13094.59042,29861.434280150646,30359.216000000004,30507.452,30473.496666666662,28761.172,47.07316132329755,744.5450514748118,862.4295827121744,32930.305
2023-07-09,30284.63,30445.52,30061.12,30160.71,15388.50196,29891.36191554351,30238.056,30478.792000000005,30449.04866666667,28883.93533333333,46.41131265495118,683.1069945826712,826.5650650862738,33007.92
2023-07-10,30160.71,31045.78,29950.0,30411.57,41262.87652,29943.382823184576,30219.408000000003,30472.749,30445.642666666667,29036.28066666667,51.6839621313767,647.1986936605354,790.6917908011262,34118.215
2023-07-11,30411.57,30813.63,30300.0,30622.1,28476.83311,30011.254657344616,30364.742,30476.369,30469.25,29192.83233333333,49.131441949600415,628.4843417282609,758.2503009865533,33732.117
2023-07-12,30622.1,30983.25,30210.0,30380.0,38108.99669,30048.12924856437,30371.802000000003,30452.666000000005,30448.420666666665,29341.99266666667,54.11540376083627,587.3470649525043,724.0696537797435,33989.96
2023-07-13,30380.0,31804.2,30251.0,31454.23,70772.51836,30188.73951916809,30605.722,30482.469,30540.208666666666,29525.992,61.49284122867889,634.1171522085097,706.0791534654967,34554.96
2023-07-14,31454.23,31630.0,29900.0,30312.01,60749.48424,30201.066582673386,30635.982,30437.019,30531.18866666667,29698.77233333333,48.545061356778696,572.4167117143988,679.3466651152771,33916.53
2023-07-15,30312.0,30390.9,30200.0,30289.52,14118.55329,30209.911934365635,30611.572,30415.49,30519.02333333333,29855.140000000003,47.25917185153399,515.7585693134351,646.6290459549087,33829.6
2023-07-16,30289.52,30441.46,30064.29,30231.99,15760.1281,30212.119743166404,30533.55,30449.146,30495.429333333333,29984.70633333333,46.456574074755785,460.9014085227864,609.4835184684842,34266.53
2023-07-17,30232.0,30336.96,29659.2,30138.0,30882.76839,30204.707762089784,30485.15,30428.476,30463.494,30105.406666666662,39.79346348622087,405.1719360113311,568.6212019770536,34326.082
2023-07-18,30138.01,30239.78,29512.0,29859.13,30003.8601,30170.149957514688,30166.13,30385.926,30377.022666666668,30222.712,40.69766011367273,334.64585998656185,521.8261335789553,34583.066
2023-07-19,29859.14,30189.09,29761.96,29909.21,25657.36137,30144.05594248632,30085.57,30360.775999999994,30319.86933333333,30324.874,43.61703039733876,279.5717450385346,473.3752558708711,34511.805
2023-07-20,29909.21,30417.46,29570.96,29800.0,37540.68193,30109.65032536232,29987.666,30299.618999999995,30272.882,30374.607666666667,48.85448351526995,224.5245980560212,423.6051243079012,35392.832
2023-07-21,29800.0,30061.7,29726.34,29901.72,23881.40865,30088.857280383825,29921.612,30227.581,30273.301333333333,30371.53533333333,44.19852166943439,186.95222252207168,376.27454395073534,34475.7
2023-07-22,29901.72,29999.0,29625.1,29794.0,14660.40467,30059.371536465977,29852.812,30168.981,30236.588,30368.504666666664,43.65368247586967,146.79161807214768,330.3779587750178,34511.805
2023-07-23,29793.99,30350.0,29730.0,30083.75,18292.78637,30061.809384000982,29897.736,30031.933,30223.196,30348.34633333333,49.04546920348276,136.76787819745005,291.6559426595043,35076.2
2023-07-24,30083.75,30099.58,28861.9,29176.5,39628.99691,29973.27840698161,29751.194,29918.382,30157.582,30303.31533333333,36.8264539677325,54.98269307400187,244.32129274240384,34569.26
2023-07-25,29176.5,29376.0,29047.65,29228.91,21565.7478,29898.841537059467,29636.976,29812.321,30078.738,30262.19033333333,34.62116713065478,-5.539747613303916,194.3490846712623,34555.773
2023-07-26,29228.91,29690.0,29096.94,29351.96,33931.63366,29844.15336402996,29527.024,29724.318,29994.062,30231.656,38.34559190299555,-43.07852880577048,146.86356197585576,34577.09
2023-07-27,29351.95,29567.49,29083.85,29222.78,22476.47626,29782.016007866863,29412.78,29632.795999999995,29916.914,30182.66733333333,17.804511364980755,-82.30328867103162,101.03019184647827,33569.984
2023-07-28,29222.78,29542.22,29123.12,29314.14,23993.61627,29735.22839368928,29258.858,29578.297,29774.24133333333,30157.225,29.33682872182257,-104.80903171451428,59.86234713427977,33544.555
2023-07-29,29314.14,29406.92,29256.18,29352.9,10851.36844,29696.995544472127,29294.138,29522.666000000005,29710.300666666662,30120.744666666666,30.73496017902984,-118.15536564642387,24.25880457813904,33850.28
2023-07-30,29352.9,29449.0,29033.24,29281.09,15706.97441,29655.404980383104,29304.574,29470.775,29643.072,30081.047666666665,30.55546467306843,-132.9938282352814,-7.191721984545048,33850.28
2023-07-31,29281.09,29530.0,29101.8,29232.25,22605.48964,29613.08947351591,29280.632,29403.828,29576.422666666665,30035.926,31.1302869571377,-146.9998735315603,-35.1533522939481,33798.49
2023-08-01,29232.26,29739.25,28585.7,29705.99,44719.65162,29622.3795279088,29377.274,29395.027,29547.622,30005.558,47.04918917252437,-118.5068335382566,-51.824048542809805,34538.01
2023-08-02,29705.99,30047.5,28927.5,29186.01,48181.65141,29578.7425677432,29351.648,29305.253,29502.74733333333,29939.885,38.2014369710061,-136.3126075202781,-68.72176033830347,34577.09
2023-08-03,29186.0,29433.33,28968.0,29193.64,26476.91994,29540.232305111404,29319.796,29306.967,29455.042666666668,29887.456,39.76849352051839,-148.1009192438505,-84.59759211941288,34583.066
2023-08-04,29193.65,29333.08,28807.54,29113.99,23551.95217,29497.608068765367,29286.376,29295.475,29409.308666666668,29841.09533333333,36.60837841237896,-162.00286239771594,-100.07864617507347,34569.26
2023-08-05,29114.0,29152.23,28978.64,29072.13,11645.52018,29455.06025664684,29254.352000000003,29267.492,29354.002666666664,29813.652,37.44691802856781,-174.38777099521758,-114.94047113910231,34577.09
2023-08-06,29072.13,29205.09,28991.88,29088.42,13178.1972,29418.39622691677,29130.838,29254.056000000004,29306.964,29771.776,30.87235424569819,-180.8042347568444,-128.11322386265073,33798.49
2023-08-07,29088.43,29276.78,28701.03,29211.06,30966.87746,29397.662602156008,29135.848,29243.748000000003,29248.784666666663,29735.99033333333,50.95091349328641,-173.9876837466436,-137.28811583944932,35348.035
2023-08-08,29211.06,30244.0,29146.45,29770.42,45700.53392,29434.93834528831,29251.204,29285.5,29288.37933333333,29722.980666666663,61.64963535055821,-122.04300493527626,-134.2390936586147,35965.28
2023-08-09,29770.41,30160.0,29376.67,29581.99,38003.88725,29449.643511948143,29344.804000000004,29315.590000000004,29311.918,29695.328,54.81328964273314,-94.98625652254486,-126.38852623140076,35433.28
2023-08-10,29581.99,29738.0,29320.2,29455.75,23463.45373,29450.254160797755,29421.528,29337.94,29318.837333333333,29656.449666666667,54.88081321048024,-82.7759122502066,-117.66600343516193,35433.28
2023-08-11,29455.76,29564.52,29252.45,29426.03,20637.0443,29447.831744559368,29489.05,29309.944,29332.387333333336,29624.65066666667,52.40628830727541,-74.63691417643349,-109.06018558341624,35315.777
2023-08-12,29426.02,29481.35,29381.56,29430.17,8971.48068,29446.065569999355,29532.872000000003,29334.360000000004,29340.12266666667,29557.182,51.686874817166014,-67.07938674910474,-100.66402581655392,35315.777
2023-08-13,29430.18,29474.65,29272.32,29303.84,11101.70947,29431.84301224513,29439.556,29345.38,29336.852,29523.57633333333,50.48510565707827,-70.47141640861446,-94.62550393496603,35056.86
2023-08-14,29303.85,29695.32,29102.45,29430.93,31443.11532,29431.751711016263,29409.344,29377.074,29346.841333333334,29494.956666666665,54.09970698691759,-62.18766282095385,-88.13793571216361,35448.242
2023-08-15,29430.92,29499.26,29059.6,29200.0,27503.87691,29408.57653891908,29358.194,29389.861,29344.69133333333,29460.557,38.396268386315526,-73.41061755631017,-85.19247208099293,34577.09
2023-08-16,29200.01,29259.85,28723.08,28730.51,32996.69854,29340.76988240562,29219.090000000004,29354.07,29279.65933333333,29413.640666666663,39.30650765330076,-118.819136308437,-91.91780492648176,34583.066
2023-08-17,28730.51,28783.48,25166.0,26623.41,100271.54033,29069.033884709737,28657.738,29095.305,29108.819333333337,29305.783333333333,19.61378677644128,-321.1292961705476,-137.76010317529494,33421.56
2023-08-18,26623.41,26832.6,25619.0,26054.0,69790.65711,28767.530486796768,28007.77,28723.663,28899.51,29177.27633333333,17.57818873793974,-521.3978339978967,-214.4876493398153,33400.582
2023-08-19,26054.0,26281.0,25801.09,26100.01,26160.75343,28500.778430598755,27341.586,28375.465000000004,28698.578,29053.943333333336,18.53687557958825,-668.6912145293172,-305.32836237771573,32069.086
2023-08-20,26100.01,26299.0,25971.05,26189.99,19056.91209,28269.699581677272,26739.583999999995,28048.889000000003,28506.43533333333,28930.219,19.78832030052933,-769.2937068028914,-398.1214312627509,31530.031
2023-08-21,26190.0,26258.42,25812.0,26126.92,30267.24233,28055.421618617653,26218.866,27718.978000000003,28309.002,28807.983,17.448335549785696,-844.377668478166,-487.3726787058339,31509.049
2023-08-22,26126.92,26139.42,25300.0,26056.0,34247.06688,27855.47945264774,26105.384,27381.561,28098.664666666664,28673.724666666665,6.289216401575985,-899.2390325430824,-569.7459494732836,31915.795
2023-08-23,26055.99,26819.27,25812.82,26432.72,44023.69978,27713.203504752,26181.128,27094.449,27876.15133333333,28582.265333333336,14.512468589071844,-901.9221065820566,-636.1811808950383,31915.795
2023-08-24,26432.71,26577.87,25864.0,26180.05,30205.22116,27559.8881517252,26197.136,26769.361,27649.355333333333,28480.636666666665,14.110413315861706,-913.9019269079544,-691.7253300976216,31915.795
2023-08-25,26180.05,26314.05,25777.15,26060.01,27753.33772,27409.900334306083,26171.14,26455.362,27422.972666666665,28370.904999999995,13.836567180214471,-922.4488297056524,-737.8700300192278,31915.795
2023-08-26,26060.0,26125.77,25985.92,26017.37,10022.22322,27270.64729899825,26149.23,26184.048,27195.728666666662,28264.058,13.634813741369072,-922.0343651772891,-774.7028970508401,31915.795
2023-08-27,26017.38,26182.23,25966.11,26101.77,12099.64216,27153.75956768028,26158.384,26131.884,26973.835333333333,28156.979,15.572619541680808,-904.4693645903644,-800.656190558745,31915.795
2023-08-28,26101.78,26253.99,25864.5,26120.0,22692.62655,27050.383609783454,26095.84,26138.484000000004,26761.57933333333,28049.215666666667,13.548939693192564,-878.9460237933126,-816.3141572056586,32169.213
2023-08-29,26120.0,28142.85,25922.0,27716.34,74251.99488,27116.97924945957,26403.098,26300.117,26647.27333333333,27997.05733333333,37.44155259335505,-721.5892636384342,-797.3691784922138,32841.71
2023-08-30,27716.34,27768.57,27017.24,27299.99,35448.25848,27135.280324675485,26651.094,26411.11700000001,26520.606,27932.648666666664,37.78143726895669,-623.2939186323201,-762.5541265202351,32774.656
2023-08-31,27299.99,27587.51,25655.01,25940.78,51032.80401,27015.830291257087,26635.776,26392.503000000004,26334.624,27807.141666666663,43.3154001476697,-647.6058401388436,-739.5644692439569,32906.32
2023-09-01,25940.77,26156.0,25333.75,25805.05,41032.15056,26894.75226126395,26576.432,26367.408000000003,26280.066666666666,27694.443000000003,47.3359002292228,-670.1009827420858,-725.6717719435827,33357.992
2023-09-02,25805.04,25987.5,25752.47,25869.51,16250.77698,26792.228034476502,26526.333999999995,26311.087,26267.767333333333,27583.63866666667,47.54304206567806,-674.9467955196487,-715.526776658796,33357.992
2023-09-03,25869.52,26135.0,25800.0,25971.21,17474.47667,26710.12623055241,26177.308,26290.203,26259.180666666663,27478.87933333333,47.67378064340516,-662.9388505958632,-705.0091914462096,33357.992
2023-09-04,25971.21,26108.02,25631.21,25826.02,21777.59609,26621.71560703544,25882.514,26266.804,26234.916,27370.675666666662,46.85553651297917,-657.5581661046235,-695.5189863778925,32932.523
2023-09-05,25826.03,25915.49,25562.62,25792.1,21323.39337,26538.754045941936,25852.778,26244.277,26212.594666666664,27260.79833333333,47.22070098576121,-648.5548586986151,-686.126160842037,33274.85
2023-09-06,25792.11,26040.0,25372.51,25759.95,27262.52386,26460.87364101828,25843.758,26210.095,26192.858,27145.761333333336,42.3601474439193,-636.6747191788272,-676.2358725093951,33057.83
2023-09-07,25759.95,26443.14,25615.38,26255.0,27687.49567,26440.28627683807,25920.856,26223.595,26181.01,27028.580666666665,50.80671027960935,-580.6201971142727,-657.1127374303707,33729.184
2023-09-08,26255.0,26445.5,25647.26,25910.5,28999.76471,26387.30764897272,25908.714,26043.011,26163.04,26906.197666666663,48.46494875633232,-557.5675636207961,-637.2037026684558,35341.33
2023-09-09,25910.5,25945.09,25796.64,25901.61,10980.62277,26338.73788392566,25923.832,25903.173,26152.48,26787.726333333336,48.80317279141131,-533.8615110134233,-616.5352643374492,35195.387
2023-09-10,25901.6,26033.66,25570.57,25841.61,18738.26914,26289.025095395114,25933.734,25893.256,26140.762666666666,26668.245666666666,47.29660079971404,-513.9908257966672,-596.0263766292928,34702.934
2023-09-11,25841.6,25900.69,24901.0,25162.52,41682.32,26176.3745855742,25814.248,25829.003,26078.146,26525.99066666667,41.25202372555541,-546.737601472465,-586.1686215979273,34458.605
2023-09-12,25162.53,26567.0,25131.48,25840.1,56434.38537,26142.747126941184,25731.268,25826.062,26059.486,26410.532666666662,29.399273576909025,-512.1113134523912,-571.35715996882,33375.156
2023-09-13,25840.1,26405.22,25764.17,26222.0,31610.82753,26150.672414263103,25793.568,25851.141,25959.86333333333,26303.568333333336,38.07366956013779,-448.6814716879162,-546.8220223126393,34407.69
2023-09-14,26222.0,26860.49,26126.77,26522.73,38333.1725,26187.878172904548,25917.792,25920.812,25908.046,26214.326,58.40751945308868,-369.8826900013592,-511.4341558503833,35764.715
2023-09-15,26522.73,26888.0,26224.0,26600.0,26227.29369,26229.09035568164,26069.47,26001.602000000003,25951.994,26143.309,61.68209191665959,-297.7665768281149,-468.7006400459297,35796.973
2023-09-16,26599.99,26777.0,26445.0,26559.67,13960.93351,26262.14832016224,26348.9,26081.574,26002.302,26141.18433333333,60.21460497883551,-241.0892052327981,-423.17835308330336,35796.973
2023-09-17,26559.67,26623.25,26399.0,26527.51,12998.10277,26288.68448818124,26486.382,26108.825,26046.16866666667,26156.968,58.4064725153834,-196.5018718719948,-377.8430568410417,35962.16
2023-09-18,26527.5,27409.0,26377.35,26762.51,43000.43256,26336.06703941973,26594.484,26194.026,26098.922,26179.05133333333,63.7777065059716,-140.58299961641387,-330.3910453961161,35568.24
2023-09-19,26762.5,27483.57,26667.79,27210.26,36190.52187,26423.48633557176,26731.99,26324.891000000003,26191.20466666667,26213.06033333333,68.59930752282028,-59.451883181231096,-276.20321295313914,34468.535
2023-09-20,27210.25,27388.63,26800.0,27125.0,34207.21867,26493.63770208248,26836.99,26453.23,26280.06466666667,26246.329666666665,67.65679043644951,-2.011471351030196,-221.3648646327173,34608.25
2023-09-21,27125.01,27159.6,26377.7,26568.08,34476.82662,26501.08193188071,26838.672,26593.786,26333.94,26263.399,53.98586334910299,-1.4120436054145102,-177.3743004272568,35449.33
2023-09-22,26568.08,26743.38,26468.77,26580.14,18198.2292,26508.98773869884,26849.198,26667.79,26355.616,26268.313,59.31364640299977,0.0357364642841275,-141.89229304894863,35962.16
2023-09-23,26580.14,26632.81,26509.0,26575.96,9440.7026,26515.68496483368,26811.888,26703.186,26399.98,26281.51,59.39145960008132,0.8361825420906825,-113.34659793074076,35961.07
2023-09-24,26575.97,26738.54,26122.08,26248.38,15706.65771,26488.954468333337,26619.512,26675.751,26423.098,26287.789,55.27203257806892,-24.67795437748645,-95.61286922008992,35430.83
2023-09-25,26248.39,26446.15,25990.46,26304.81,26266.2039,26470.540021489483,26455.474,26646.232,26453.978,26297.37033333333,67.65435914872576,-39.88489407940506,-84.46727419195295,34556.016
2023-09-26,26304.8,26397.46,26088.34,26221.67,18495.35066,26445.653019327736,26386.192,26612.432,26524.588,26301.367,57.224761522469336,-57.97688508142528,-79.16919636984743,35961.07
2023-09-27,26221.68,26850.0,26112.06,26372.99,34771.57978,26438.3867173916,26344.762,26596.98,26560.114,26309.8,53.13240364627637,-59.41970555216904,-75.21929820631175,35315.777
2023-09-28,26373.0,27308.48,26342.4,27021.39,44517.83491,26496.68704567673,26433.848,26622.868,26613.406666666662,26286.635,59.04090216839509,-8.148756285063428,-61.80518982206209,35961.07
2023-09-29,27021.39,27244.89,26665.16,26906.96,28478.76219,26537.71434112444,26565.564,26592.538,26639.022,26273.534,55.49131293471103,22.98533509269692,-44.84708483911029,35430.83
2023-09-30,26906.96,27094.99,26886.31,26962.56,12804.62307,26580.19890702633,26697.114,26576.294,26663.192666666662,26307.59333333333,57.16827448287157,51.55152822236778,-25.56736222681468,35959.926
2023-10-01,26962.57,28065.51,26954.09,27992.57,24602.81468,26721.43601636659,27051.294,26718.743,26758.71933333333,26380.510666666665,69.23620302094497,155.51100684849007,10.648311588246276,34413.53
2023-10-02,27992.58,28580.0,27281.44,27494.51,57071.14241,26798.743414751065,27275.598,26810.18,26823.186,26434.677333333333,58.990110878034166,195.4572535572952,47.61009998205606,35959.926
2023-10-03,27494.51,27676.52,27160.5,27426.46,28928.96555,26861.5150732914,27356.612,26895.23,26867.44933333333,26483.185666666664,52.92839650651238,219.0982473769327,81.9077294610314,35315.26
2023-10-04,27426.45,27839.72,27202.0,27778.57,29816.142,26953.220565982563,27530.934,27048.249,26905.336666666662,26548.270666666667,58.255711430946185,263.2120944165072,118.16860245212656,35959.926
2023-10-05,27778.57,28120.39,27352.0,27410.39,30681.49619,26998.937509393418,27620.5,27158.807,26924.362666666664,26602.213666666667,61.17255375310046,265.40417292994607,147.61571654769045,35964.137
2023-10-06,27410.39,28295.0,27175.94,27931.09,37983.24277,27092.152758470795,27608.204,27329.749,27015.23,26674.585,65.78880320883363,305.63438631877216,179.2194505019068,35566.598
2023-10-07,27931.1,28029.67,27842.08,27956.67,13348.83825,27178.604482637667,27700.636,27488.117,27106.998666666663,26731.307333333338,66.05629839124194,335.71134112404616,210.51782862633468,34552.957
2023-10-08,27956.67,28095.14,27687.5,27917.05,19693.56921,27252.449034384623,27798.754000000004,27577.683,27196.40466666666,26798.19233333333,70.79790509094802,352.2895667848861,238.872176258045,34413.53
2023-10-09,27917.06,27987.93,27260.0,27590.12,31534.74639,27286.21613095058,27761.064,27645.999,27285.854,26854.476,65.00783488590955,335.1836231654888,258.13446563953374,35566.598
2023-10-10,27590.12,27735.0,27298.0,27390.12,22776.84383,27296.606517856744,27757.01,27688.755,27358.208,26906.093,63.28088947690266,302.0073582424229,266.9090441601116,35958.113
2023-10-11,27390.12,27477.39,26538.66,26875.52,37349.44706,27254.49786606661,27545.896,27577.05,27401.798,26963.193,55.27616031850357,231.52216654210133,259.8316686365096,35426.94
2023-10-12,26875.52,26947.04,26555.0,26759.63,23428.64112,27205.01107945523,27306.488,27503.562,27427.574,26993.844,46.905734604327456,164.41551017811798,240.74843694483127,34538.01
2023-10-13,26759.63,27130.0,26685.0,26862.0,24115.76499,27170.709971506763,27095.478000000003,27447.116,27416.948,27015.177333333333,49.467008084975234,118.1316567855065,216.22508091296632,35076.2
2023-10-14,26862.0,26989.58,26789.0,26852.48,10417.25576,27138.886974353627,26947.95,27354.507,27413.316000000003,27026.169,48.680608492623946,79.76371858006314,188.9328084463857,35502.28
2023-10-15,26852.48,27293.33,26808.25,27154.15,15274.6917,27140.41327691837,26900.756,27328.883,27426.088666666663,27044.640666666663,37.82527125299135,72.85922319311794,165.71809139573216,34577.09
2023-10-16,27154.14,30000.0,27112.66,28500.78,78399.22445,27276.44994923504,27225.808,27385.852000000003,27459.96933333333,27109.34433333333,61.723033190815165,174.04288950598857,167.38305101778343,35964.137
2023-10-17,28500.77,28613.65,28069.32,28395.91,38428.44532,27388.395954317835,27553.064,27429.776,27520.06266666667,27171.624333333337,61.19801232249169,242.9687489875141,182.5001906117296,35964.137
2023-10-18,28395.91,28982.36,28142.87,28320.0,32162.47591,27481.55635889077,27844.664,27470.071000000004,27579.632,27223.54066666667,56.68024686179047,288.14611753871213,203.6293759971261,35959.926
2023-10-19,28320.0,28916.89,28100.66,28713.71,35895.50179,27604.77172300731,28216.91,27582.43,27641.974666666665,27273.65566666667,65.97989210397256,351.664840847614,233.2364689672237,34552.957
2023-10-20,28713.71,30207.55,28578.29,29669.04,59422.0992,27811.19855071505,28719.888,27810.322000000004,27792.55133333333,27358.457,69.25650895375871,473.63130679222377,281.3154365322237,34104.688
2023-10-21,29669.05,30379.99,29464.77,29909.8,27517.51897,28021.058695651293,29001.692,28113.75,27924.465333333334,27469.847666666665,70.65575816287037,582.9974974121615,341.6518487082113,33948.67
2023-10-22,29909.8,30248.0,29640.0,29992.46,22852.54563,28218.19882609272,29321.002,28437.033,28060.184666666668,27583.591666666664,71.75094584822413,668.6333732834828,407.0481536232656,34029.434
2023-10-23,29992.46,34741.91,29883.6,33069.99,93513.64246,28703.377943497955,30271.0,29057.831999999995,28403.714,27800.05933333333,86.42828178077367,973.6082233446796,520.3601675675484,32994.508
2023-10-24,33069.99,35280.0,32832.34,33922.73,115265.02418,29225.313149162208,31312.804,29764.857,28825.887999999995,28055.871,89.95876043987236,1269.4782258331434,670.1837792206675,32242.135
2023-10-25,33922.73,35132.85,33679.05,34496.05,54887.02529,29752.386834258752,32278.206,30499.047,29299.616666666665,28328.912333333334,96.28090189252649,1532.5531482861225,842.6576530337585,36922.414
2023-10-26,34496.05,34824.13,33751.0,34151.66,39744.66255,30192.314150842467,33126.578,31064.135,29784.692666666662,28593.24533333333,93.68084042730467,1693.7282795722313,1012.8717783414533,38113.09
2023-10-27,34151.66,34245.0,33390.95,33892.02,32330.40106,30562.28473576548,33906.490000000005,31613.746,30260.18533333333,28843.879666666668,90.7836234783052,1779.9913222656503,1166.2956871262927,38497.074
2023-10-28,33892.01,34493.33,33860.0,34081.0,16880.13144,30914.15626219514,34108.692,32189.846,30741.452,29079.2,91.07981914359166,1842.3668534668725,1301.5099203944087,38171.387
2023-10-29,34081.01,34750.11,33930.0,34525.89,20685.52176,31275.32963598137,34229.324,32771.064,31253.012666666666,29333.16433333333,91.22269990247564,1905.7307385565248,1422.354084026832,38286.05
2023-10-30,34525.88,34856.0,34062.84,34474.73,33657.95976,31595.269672387803,34225.06,33251.632999999994,31741.051333333333,29583.57,89.06641345873403,1929.5759392557484,1523.7984550726153,38286.05
2023-10-31,34474.74,34720.49,34025.0,34639.77,32737.89822,31899.719705152947,34322.68199999999,33724.63,32150.31733333333,29805.143333333333,90.51266146383492,1939.4341912080708,1606.9256022997065,38322.277
2023-11-01,34639.78,35582.0,34097.39,35421.43,53473.28165,32251.890734641736,34628.564,34267.527,32618.68533333333,30069.374,92.21106991242073,1987.4107226099368,1683.0226263617528,39688.67
2023-11-02,35421.43,35984.99,34300.0,34941.59,48015.57732,32520.86066118037,34800.682,34454.687000000005,33060.12466666666,30319.878333333338,86.64346888775391,1964.0727831372133,1739.232657716845,39657.363
2023-11-03,34941.58,34946.5,34120.0,34716.78,39071.20644,32740.452595064384,34838.86,34534.092,33460.329333333335,30551.152,82.49302857319415,1905.47191565132,1772.4805093037403,39832.035
2023-11-04,34716.78,35255.0,34585.18,35062.07,18377.55545,32972.614335559905,34956.328,34590.694,33819.86466666667,30806.208,82.72550003493413,1865.3892768444057,1791.0622628118736,39240.25
2023-11-05,35062.06,35380.0,34448.0,35011.88,24528.73376,33176.540902005465,35030.74999999999,34676.716,34160.003333333334,31042.234333333334,82.01373050253328,1808.723741860708,1794.5945586216403,40046.633
2023-11-06,35011.89,35276.33,34725.9,35046.09,22346.47086,33363.49581180619,34955.68199999999,34792.123,34496.912,31278.54833333333,70.60085568454758,1746.4444339178008,1784.9645336808726,37920.117
2023-11-07,35046.09,35888.0,34523.06,35399.12,38688.73692,33567.058230626826,35047.188,34923.935,34652.187333333335,31527.950666666668,67.18151031665673,1705.909540983419,1769.1535351413818,37993.21
2023-11-08,35399.13,36106.0,35100.0,35624.72,33401.34137,33772.82440756529,35228.776,35033.818,34765.653333333335,31795.770666666667,64.29155703226094,1672.7074506105128,1749.864318235208,37867.734
2023-11-09,35624.72,37972.24,35534.05,36701.09,82537.88885,34065.65096681022,35556.579999999994,35256.454000000005,34912.655999999995,32106.136333333336,77.23336844196703,1713.4964971774898,1742.5907540236644,38718.477
2023-11-10,36701.1,37526.0,36324.71,37301.63,43414.04898,34389.24887013065,36014.53,35522.64,35122.653999999995,32453.67333333333,83.94937081931891,1773.8330265712502,1748.8392085331816,40695.477
2023-11-11,37301.63,37408.26,36666.93,37130.0,22984.97235,34663.323983118695,36431.312,35693.497,35338.51933333333,32799.35233333333,80.4640446339719,1787.1993327735254,1756.5112333812503,38751.336
2023-11-12,37129.99,37222.22,36731.1,37064.13,17687.18874,34903.4045848077,36764.314,35905.751,35537.39466666666,33139.42333333333,77.43900857036607,1772.0499791397087,1759.618982532942,38636.664
2023-11-13,37064.13,37417.99,36333.0,36462.93,32798.18252,35059.35712632744,36931.95599999999,36080.366,35666.530666666666,33459.77166666667,69.20862252863611,1692.0275513167508,1746.1006962897038,38822.977
2023-11-14,36462.93,36744.0,34800.0,35551.19,45503.68416,35108.54041369484,36701.976,36129.278,35738.29466666666,33739.672999999995,57.695230311483705,1537.3181557139617,1704.3441881745557,36628.51
2023-11-15,35551.2,37980.0,35360.0,37858.2,53569.13385,35383.50637232609,36813.29,36413.91,35952.85666666667,34051.587,66.36002433086756,1582.6227813161677,1679.999906802878,39175.62
2023-11-16,37858.2,37929.54,35500.0,36163.51,47490.39566,35461.506735093666,36619.992000000006,36525.652,36002.32866666666,34310.507,57.05318984366527,1464.8933252345232,1636.9785904892074,37510.87
2023-11-17,36163.51,36800.0,35861.1,36613.92,38283.61112,35576.74806158455,36529.95,36647.132,36113.81733333333,34586.971,60.67274392480464,1391.8913488146063,1587.9611421542872,37427.496
2023-11-18,36613.91,36845.49,36178.58,36568.1,17102.24186,35675.883255426284,36550.984,36741.47,36237.23866666666,34848.784,58.767906607935686,1315.1789017754782,1533.4046940785256,37343.66
2023-11-19,36568.11,37500.0,36384.02,37359.86,21246.34648,35844.28092988395,36912.718,36807.347,36390.424666666666,35105.14466666666,62.58312004012917,1303.2491053570702,1487.3735763342347,37457.3
2023-11-20,37359.85,37750.0,36677.0,37448.78,36022.70291,36004.73083689581,36830.834,36822.062,36552.884666666665,35356.444,62.80125183945173,1286.1438904382885,1447.1276391550457,37491.027
2023-11-21,37448.79,37649.44,35735.0,35741.65,47646.54804,35978.4227532062,36746.462,36683.227,36599.25533333333,35548.083666666666,51.59484071148343,1121.9041478046202,1382.0829408849604,36612.754
2023-11-22,35741.65,37861.1,35632.01,37408.34,45051.30697,36121.41447788576,36905.346,36717.648,36733.20333333334,35692.69533333334,57.32205343610476,1113.396381948558,1328.34562909768,37810.684
2023-11-23,37408.35,37653.44,36870.0,37294.28,23827.92882,36238.70103009732,37050.582,36800.783,36844.507333333335,35805.08033333333,52.6440454041776,1084.9436721530874,1279.6652377087617,36521.285
2023-11-24,37294.27,38414.0,37251.51,37713.57,44680.80646,36386.18792708774,37121.324,37017.021,36912.006,35912.331,51.86630929792992,1083.7352679298128,1240.4792437529718,36718.043
2023-11-25,37713.57,37888.0,37591.1,37780.67,11396.14464,36525.63613437909,37187.702000000005,37009.268,36943.942,36033.298,52.97607231818685,1075.7909595733508,1207.5415869170477,36302.95
2023-11-26,37780.67,37814.63,37150.0,37447.43,21264.53723,36617.81552094126,37528.85799999999,37137.66,36965.104,36151.81166666666,51.71130434161441,1030.7238124613286,1172.178032025904,40181.223
2023-11-27,37447.42,37569.23,36707.0,37242.7,30001.07376,36680.30396884718,37495.73,37200.538,36977.00866666667,36257.20166666667,53.60918076128039,967.3369158640344,1131.20980879353,38963.812
2023-11-28,37242.7,38377.0,36868.41,37818.87,37544.46667,36794.160571962544,37600.648,37325.615,37067.40466666666,36366.96766666667,60.832500558898346,952.6133140756792,1095.4905098499598,40782.676
2023-11-29,37818.88,38450.0,37570.0,37854.64,32994.19107,36900.20851476636,37628.862,37375.093,37220.968,36479.63133333334,49.97828150584815,933.075183739209,1063.0074446278095,38147.766
2023-11-30,37854.65,38145.85,37500.0,37723.96,24740.29147,36982.58366328977,37617.52,37402.611,37212.01866666667,36582.43766666667,61.76495867619051,896.7095809543462,1029.747871893117,40575.84
2023-12-01,37723.97,38999.0,37615.86,38682.52,43415.66324,37152.57729696088,37864.538,37696.698,37379.95266666666,36691.140666666666,64.48615670763819,934.4654240037636,1010.6913823152464,40567.246
2023-12-02,38682.51,39717.14,38641.61,39450.35,26696.92161,37382.35456726489,38306.06799999999,37900.899,37569.048,36841.43266666667,68.33042268247112,1014.6484301079764,1011.4827918737924,40325.027
2023-12-03,39450.35,40250.0,39274.86,39972.26,26710.65335,37641.3451105385,38736.746,38168.697,37795.992,37016.615333333335,67.20477128797381,1107.540774718298,1030.6943884426937,40685.082
2023-12-04,39972.26,42420.0,39972.26,41991.1,79272.33059,38076.32059948481,39564.038,38596.45,38104.74133333333,37247.583,73.85171182524681,1328.745195427604,1090.3045498396757,44130.07
2023-12-05,41991.1,44488.0,41414.0,44073.32,67490.74644,38676.02053953653,40833.91,39225.715,38546.37733333334,37549.63100000001,92.09151376818843,1653.0141268046646,1202.8464652326734,45564.613
2023-12-06,44073.82,44297.21,43335.28,43762.69,51431.10492,39184.68748558302,41849.944,39857.241,39081.11333333333,37840.18433333333,87.19896780599065,1863.4536129057303,1334.9678947672849,45484.957
2023-12-07,43762.69,44047.33,42821.1,43273.14,47103.26845,39593.53273702482,42614.50199999999,40460.285,39472.1,38102.651666666665,83.52686922700784,1968.0394938919635,1461.582214592221,47437.773
2023-12-08,43273.15,44700.0,43081.1,44170.99,42900.37556,40051.27846332245,43454.248,41095.497,39930.54733333333,38387.52733333333,84.3659660162553,2099.17556026132,1589.1008837260404,51553.324
2023-12-09,44171.0,44358.02,43584.51,43713.6,24925.97008,40417.51061699028,43798.748,41681.393,40330.549333333336,38621.27766666667,80.31530744366334,2141.5083124280645,1699.5823694664452,50866.207
2023-12-10,43713.59,44049.0,43563.0,43789.51,18956.61758,40754.71055529131,43741.986,42287.948,40731.138666666666,38837.54033333333,83.28113651915817,2156.325844041021,1790.9310643813606,53030.938
2023-12-11,43789.5,43804.5,40222.0,41253.4,76663.89804,40804.57949976219,43240.128,42545.036,40984.87,38974.987,66.90934295269078,1941.050738107675,1820.9549991266235,43319.316
2023-12-12,41253.41,42104.12,40680.0,41492.39,42722.69773,40873.36054978598,42883.978,42749.240000000005,41268.18266666667,39122.59566666667,65.94099758380312,1769.3323988367338,1810.6304790686456,43052.875
2023-12-13,41492.38,43475.2,40555.0,42869.03,45865.99773,41072.92749480741,42623.586,43038.917,41604.86,39336.13233333334,69.49135939908777,1724.4493421562292,1793.3942516861623,42960.367
2023-12-14,42869.03,43420.0,41400.0,43022.26,42047.05709,41267.86074532669,42485.31800000001,43142.033,41949.368,39585.168,70.55890035900373,1681.8561855871012,1771.0866384663505,43123.53
2023-12-15,43022.26,43080.81,41666.0,41940.3,33421.7932,41335.104670794026,42115.476,42928.731,42230.45733333333,39721.238,62.521196765946215,1543.0088271857967,1725.47107621024,43179.047
2023-12-16,41940.29,42724.43,41605.0,42278.03,24118.85747,41429.39720371463,42320.402,42780.265,42470.158,39925.05533333333,61.23972093082418,1443.5825626014555,1669.0933734884832,43125.055
2023-12-17,42278.02,42424.07,41252.0,41374.65,27722.11452,41423.922483343165,42296.854,42590.416000000005,42598.44466666667,40083.746333333336,55.410275739308034,1277.1689072991794,1590.7084802506226,42812.78
2023-12-18,41374.64,42757.81,40542.93,42657.8,46734.0925,41547.31023500886,42254.608,42439.097,42777.48066666666,40286.73633333333,52.726847360352885,1234.5927510674956,1519.4853344139974,41555.23
2023-12-19,42657.8,43497.0,41811.1,42275.99,40927.86444,41620.17821150798,42105.35400000001,42295.336,42796.473333333335,40450.60733333333,41.461071631163215,1156.7081528681156,1446.9298981048212,40551.543
2023-12-20,42275.99,44283.0,42206.0,43668.93,48710.2947,41825.05339035719,42451.08,42283.278,42769.514,40657.945666666674,49.596093270748455,1193.6233177789327,1396.2685820396434,40870.965
2023-12-21,43668.92,44242.35,43286.72,43861.8,34624.29384,42028.72805132148,42767.834,42544.118,42776.121333333336,40928.617333333335,52.602396471782406,1224.3285516232645,1361.880575956368,41564.676
2023-12-22,43861.79,44398.26,43412.54,43969.04,32783.19638,42222.759246189344,43286.712,42791.783,42822.51466666666,41147.30733333333,49.04010228768889,1242.9876544742438,1338.101991659943,40850.977
2023-12-23,43969.04,43988.68,43291.1,43702.16,16557.1293,42370.69932157042,43495.584,42875.096,42791.259333333335,41360.903333333335,49.9446210803924,1222.1519355743148,1314.9119804428174,50556.17
2023-12-24,43702.15,43946.0,42500.0,42991.5,25144.33496,42432.77938941339,43638.686,42872.02,42743.119333333336,41536.83433333333,46.36063552175883,1135.2091707886211,1278.971418511978,49092.56
2023-12-25,42991.5,43802.32,42720.43,43576.13,27021.23992,42547.11445047205,43620.126,43035.603,42728.894,41730.01633333333,62.886715763567,1100.791914380592,1243.335517685701,51035.32
2023-12-26,43576.12,43592.68,41637.6,42508.93,41010.04282,42543.29600542485,43349.552,43058.69300000001,42812.596,41898.73300000001,55.16517755520146,976.1494267175368,1189.8982994920682,51199.117
2023-12-27,42508.93,43677.0,42098.69,43428.85,36191.21136,42631.85140488236,43241.514,43264.113,42941.693333333336,42104.938,52.98297028858861,940.7547776742068,1140.0695951284958,41122.23
2023-12-28,43428.86,43787.57,42241.79,42563.76,35150.52485,42625.04226439413,43013.834,43254.709,42921.342,42263.101,47.72917727374482,833.2930466268735,1078.7142854281717,40459.785
2023-12-29,42563.76,43111.0,41300.0,42066.95,42597.18912,42569.23303795471,42828.924,43233.80500000001,42857.65466666667,42403.51133333333,50.66585631803798,699.971598693759,1002.9657480812892,41696.242
2023-12-30,42066.94,42612.32,41520.3,42140.28,22906.57818,42526.33773415924,42541.754,43080.94,42870.98666666667,42550.722,49.25507602821139,593.3902751143178,921.0506534878948,40279.984
2023-12-31,42140.29,42899.0,41965.84,42283.58,23585.91603,42502.06196074332,42496.684,42923.118,42871.35666666667,42670.757333333335,55.35557511757836,514.55544581289,839.751611952894,42769.11
2024-01-01,42283.58,44184.1,42180.77,44179.55,27174.29903,42669.81076466899,42646.824,42944.169,43058.35,42828.39733333334,58.36250432756507,598.1718565218835,791.4356608666919,43065.53
2024-01-02,44179.55,45879.63,44148.34,44946.91,65146.40661,42897.520688202094,43123.454000000005,43068.64400000001,43210.95733333334,42994.219000000005,64.08089243162314,718.0804192537471,776.764612544103,43155.633
2024-01-03,44946.91,45500.0,40750.0,42845.23,81194.55173,42892.29161938188,43279.11,43054.01700000001,43248.90666666667,43022.69,45.95945821323388,636.1872371290956,748.6491374611015,40120.555
2024-01-04,42845.23,44729.58,42613.77,44151.1,48038.06334,43018.172457443696,43681.274000000005,43111.514,43281.05133333334,43025.282666666666,51.27941595302999,668.947880910302,732.7088861509417,49978.254
2024-01-05,44151.1,44357.46,42450.0,44145.11,48075.25327,43130.86621169933,44053.58,43275.132,43299.93866666666,43038.03,50.7856977747711,686.513879531929,723.4698848271391,49978.254
2024-01-06,44145.12,44214.42,43397.05,43968.32,17835.06144,43214.6115905294,44011.334,43329.079,43299.890666666666,43061.20266666667,51.19734403397331,678.3499880869713,714.4459054791056,49978.254
2024-01-07,43968.32,44480.59,43572.09,43929.02,23023.8508,43286.05243147646,43807.75600000001,43465.605,43315.01466666666,43053.137,54.48864528632875,661.0882499111613,703.7743743655168,50007.32
2024-01-08,43929.01,47248.99,43175.0,46951.04,72814.57589,43652.55118832881,44628.918,43954.014,43578.984,43161.051666666666,63.10071789966796,881.1031473527764,739.2401289629688,50832.418
2024-01-09,46951.04,47972.0,44748.67,46110.0,69927.66617,43898.29606949593,45020.698,44350.986,43747.90866666667,43238.401333333335,64.22845050009995,976.3469200223916,786.6614871748534,51535.703
2024-01-10,46110.0,47695.93,44300.36,46653.99,89911.41203,44173.86546254634,45522.474,44788.027,44024.246,43418.421,63.13323896815093,1083.236862484075,845.9765622366976,51624.863
2024-01-11,46654.0,48969.48,45606.06,46339.16,87470.3296,44390.394916291705,45996.64200000001,45003.988,44218.26666666667,43579.98,66.09528421899887,1129.5233203958414,902.6859138685264,51642.934
2024-01-12,46339.16,46515.53,41500.0,42782.73,86327.93707,44229.62842466253,45767.384,44787.56999999999,44232.86466666667,43577.103333333325,52.42015431535244,869.2117609774577,895.9910832903129,50558.613
2024-01-13,42782.74,43257.0,42436.12,42847.99,36118.47464,44091.46458219627,44946.774,44787.846,44284.934,43571.29433333333,52.39417503448958,660.564336806623,848.905733993575,50467.81
2024-01-14,42847.99,43079.0,41720.0,41732.35,28228.40894,43855.55312397664,44071.244,44545.971000000005,44257.73866666666,43564.36266666667,48.25030456121283,400.569410897202,759.2384693743005,48259.418
2024-01-15,41732.35,43400.43,41718.05,42511.1,40269.89303,43721.10781157897,43242.666,44382.56999999999,44272.90666666666,43572.13166666667,44.29977553732672,254.4272961716124,658.276234733763,39667.766
2024-01-16,42511.1,43578.01,42050.0,43137.95,45045.74589,43662.79203042108,42602.424,44299.533,44203.46666666667,43630.90833333333,43.75981410803036,187.0341601766777,564.027819822346,39462.355
2024-01-17,43137.94,43198.0,42200.69,42776.1,33266.21388,43574.12282737897,42601.098,44184.241,44058.74600000001,43634.85166666667,49.72899994590189,103.2362996658194,471.8695157910407,39311.074
2024-01-18,42776.09,42930.0,40683.28,41327.5,43907.51641,43349.46054464107,42297.0,43621.887,43957.564,43603.23533333334,39.05355677992516,-79.15161155683018,361.66529032146656,39509.0
2024-01-19,41327.51,42196.86,40280.0,41659.03,48342.74559,43180.417490176966,42282.336,43176.79,43791.426,43536.23866666666,40.59932480669868,-194.69927292435025,250.3923776723032,39529.098
2024-01-20,41659.03,41872.56,41456.3,41696.04,15923.99493,43031.97974115927,42119.324,42680.995,43628.15466666666,43464.04666666666,41.31597251415948,-280.056907637656,144.30252061031138,39359.7
2024-01-21,41696.05,41881.39,41500.98,41580.33,11730.16301,42886.81476704334,41807.8,42205.112,43468.95533333334,43384.423,41.076073501217,-352.9714430097665,44.8477278862958,39344.527
2024-01-22,41580.32,41689.65,39431.58,39568.02,55426.19911,42554.93529033901,41166.184,41883.641,43178.222,43246.61833333333,19.61670150948981,-566.60190299635,-77.44219829023336,38405.395
2024-01-23,39568.02,40176.74,38555.0,39897.6,57956.63351,42289.20176130511,40880.204000000005,41588.602,42707.992666666665,43143.48833333333,23.310626773233963,-701.2279112138058,-202.19934087494784,38261.707
2024-01-24,39897.59,40555.0,39484.19,40084.88,39293.82861,42068.7695851746,40565.374,41423.855,42306.318,43027.113333333335,20.88581171337828,-783.7732121110821,-318.5141151221748,38261.707
2024-01-25,40084.89,40300.24,39550.0,39961.09,31022.11853,41858.00162665714,40218.384,41168.854,41860.12466666666,42942.185333333335,21.24557845885562,-849.3885537016977,-424.6890028380794,38261.707
2024-01-26,39961.09,42246.82,39822.52,41823.51,47384.96726,41854.55246399143,40267.02,41037.41,41559.08133333333,42888.674,44.89590893708136,-742.5478264156845,-488.2607675536004,39483.48
2024-01-27,41823.51,42200.0,41394.34,42120.63,16224.41667,41881.16021759229,40777.542,40971.863,41514.941333333336,42873.903000000006,46.222856454420445,-626.6767400643657,-515.9439620557536,39491.715
2024-01-28,42120.63,42842.68,41620.81,42031.06,27294.99838,41896.150195833055,41204.234,41042.219,41460.47933333333,42872.706666666665,51.73620758000411,-535.8981198168767,-519.9347936079782,41171.73
2024-01-29,42031.05,43333.0,41804.88,43302.7,31542.74207,42036.80517624975,41847.798,41206.586,41565.16933333334,42911.454000000005,54.35171726811547,-357.22680059371487,-487.3931950051256,41502.77
2024-01-30,43302.71,43882.36,42683.99,42941.1,37619.24546,42127.23465862477,42443.8,41331.092,41593.836,42933.37133333333,48.885335350696096,-242.0167721357575,-438.317910431252,40145.45
2024-01-31,42941.1,43745.11,42276.84,42580.0,39871.13688,42172.5111927623,42595.098,41431.059,41556.63933333333,42880.05299999999,48.88948790725384,-177.80017693780246,-386.21436373256216,40314.848
2024-02-01,42580.0,43285.13,41884.28,43082.94,35231.04664,42263.55407348607,42787.56,41782.55099999999,41577.09533333333,42817.920666666665,61.13349231315643,-85.34124705976865,-326.03974039800346,43251.773
2024-02-02,43082.95,43488.0,42546.79,43200.0,29672.14418,42357.19866613746,43021.348,42112.791,41701.92866666666,42829.74633333333,60.04657633916754,-2.5912450520918355,-261.35004132882113,42189.96
2024-02-03,43199.99,43380.01,42880.0,43011.09,12033.40998,42422.58779952371,42963.026,42405.412,41792.066,42791.746,58.40714074744627,47.20116387189773,-199.6398002886773,42179.797
2024-02-04,43011.1,43119.04,42222.0,42582.88,17066.89404,42438.61701957134,42891.382,42667.591,41851.18866666667,42739.67166666667,56.16306818810526,51.51520318417897,-149.4087995941061,41652.875
2024-02-05,42582.88,43569.76,42258.1,42708.7,29467.75905,42465.62531761421,42917.122,42756.11,41926.41333333333,42697.68433333333,75.13734504661407,64.34500374868367,-106.65803892554815,42979.125
2024-02-06,42708.7,43399.98,42574.0,43098.95,24675.85433,42528.95778585279,42920.324,42853.942,42161.80866666666,42670.01533333333,75.37648370010669,104.79461953284772,-64.36750723386899,42978.875
2024-02-07,43098.96,44396.5,42788.0,44349.6,34392.59915,42711.02200726751,43150.24399999999,43085.796,42458.60866666666,42583.30066666667,78.92873228889118,235.0586248391556,-4.482280819264091,43809.688
2024-02-08,44349.6,45614.3,44331.1,45288.65,45439.62231,42968.78480654076,43605.756,43284.391,42805.52666666666,42555.92233333333,82.53932770933044,409.34855919778784,78.2838871841463,51612.34
2024-02-09,45288.66,48200.0,45242.12,47132.77,73503.481,43385.18332588668,44515.734,43703.558000000005,43283.638666666666,42571.88166666667,82.50020812826577,688.3448489750881,200.29607954233467,52101.48
2024-02-10,47132.78,48170.0,46800.0,47751.09,24802.35936,43821.77399329802,45524.212,44220.667,43678.81066666666,42618.946,83.16233255273735,948.411972316564,349.91925809718055,53063.07
2024-02-11,47751.08,48592.66,47557.16,48299.99,29958.80837,44269.59559396822,46564.42,44742.372,44090.768,42802.854666666666,85.02755188817879,1185.147046475082,516.9648157727609,52601.93
2024-02-12,48300.0,50334.82,47710.01,49917.27,59009.96705,44834.3630345714,47677.954000000005,45414.099,44616.51533333333,43038.49733333333,85.5843584339067,1486.1310841038355,710.7980694389759,54171.508
2024-02-13,49917.28,50368.61,48300.95,49699.59,55551.56706,45320.88573111426,48560.14199999999,46082.949,45042.97466666666,43304.072,86.93046887038551,1687.6440357035171,906.1672626918842,53837.523
2024-02-14,49699.6,52043.71,49225.01,51795.17,57046.37401,45968.31415800284,49492.622,47004.178,45633.246,43613.541,92.33056830782826,1993.4609176040904,1123.6259936743254,56018.805
2024-02-15,51795.17,52816.62,51314.0,51880.0,53816.03055,46559.48274220256,50318.404,47921.308000000005,46253.246,43904.94266666666,92.02419874152784,2217.110600943808,1342.322915128222,56428.414
2024-02-16,51880.01,52572.08,51566.0,52124.11,37772.25318,47115.945467982296,51083.228,48823.824,46855.990666666665,44216.543,92.11985225194948,2386.5416565411,1551.1666634107978,56435.9
2024-02-17,52124.1,52162.82,50625.0,51642.64,25674.00622,47568.61492118407,51428.302,49553.128,47418.833333333336,44560.381,89.64420320274988,2453.6818664074453,1731.6697040101274,56435.9
2024-02-18,51642.64,52377.0,51163.28,52137.67,21992.10363,48025.520429065655,51915.91799999999,50238.03,48027.272,44909.669,93.6168697600403,2517.8119810730204,1888.8981594227064,54779.49
2024-02-19,52137.68,52488.77,51677.0,51774.73,29534.99432,48400.44138615909,51911.83,50702.226,48640.062,45245.62533333334,90.5087572083098,2510.410880243224,2013.2007035868096,54779.49
2024-02-20,51774.74,52985.0,50760.37,52258.82,49614.47318,48786.27924754318,51987.594,51152.999,49276.73666666666,45601.57499999999,90.58768793119496,2514.620492068956,2113.484661283239,54769.902
2024-02-21,52258.82,52366.8,50625.0,51849.39,43079.40049,49092.59032278886,51932.65,51507.939,49860.09933333333,46010.954,85.90880058374984,2456.6008945869107,2182.1079079439733,54770.883
2024-02-22,51849.38,52065.78,50940.78,51288.42,35309.44574,49312.17329050998,51861.806,51645.054,50322.68733333333,46390.648,79.80585707543655,2338.398749612803,2213.366076277739,55012.207
2024-02-23,51288.42,51548.54,50521.0,50744.15,30545.79544,49455.37096145898,51583.102,51749.51,50686.38733333334,46745.957,70.6013759426805,2175.72426281414,2205.837713585019,53463.652
2024-02-24,50744.15,51698.0,50585.0,51568.22,16560.4211,49666.65586531308,51541.8,51726.815,50982.084,47132.86133333333,71.2756600692258,2089.215941102208,2182.513359088457,55867.44
2024-02-25,51568.21,51958.55,51279.8,51728.85,18721.63159,49872.875278781765,51435.806,51711.7,51247.268,47463.03933333333,69.97616045898693,2010.4438264720368,2148.099452565173,55341.48
2024-02-26,51728.85,54910.0,50901.44,54476.47,51256.72199,50333.23475090359,51961.222,51946.936,51659.03333333333,47874.90066666666,73.47025344084874,2145.0001033119697,2147.4795827145326,55684.824
2024-02-27,54476.48,57588.15,54450.13,57037.34,67194.98562,51003.64527581323,53111.00600000001,52486.406,52133.70466666667,48375.11,80.43216978228938,2430.2631680348422,2204.036299778594,56777.957
2024-02-28,57037.35,64000.0,56691.85,62432.1,118763.46984,52146.4907482319,55448.596,53515.849,52982.53866666667,49012.75666666667,84.63649512962806,3056.4157894782984,2374.5121977185354,55183.027
2024-02-29,62432.11,63676.35,60364.7,61130.98,78425.07603,53044.93967340872,57361.148,54451.474,53604.926,49619.086,77.91252146773537,3408.3672075382347,2581.2831996824752,55852.81
2024-03-01,61130.99,63114.23,60777.0,62387.9,47737.93473,53979.23570606785,59492.958,55464.382000000005,54305.45266666667,50279.34933333333,79.18471081124582,3745.537951516388,2814.1341500492576,57311.79
2024-03-02,62387.9,62433.19,61561.12,61987.28,25534.73659,54780.040135461066,60995.12,56478.171,54962.99733333334,50909.494,79.55047436660664,3935.060580541809,3038.319436147768,57285.438
2024-03-03,61987.28,63231.88,61320.0,63113.97,28994.90903,55613.43312191496,62210.446,57660.726,55727.75266666667,51573.293,80.26275158533227,4128.581380142445,3256.371824946704,57642.93
2024-03-04,63113.97,68499.0,62300.0,68245.71,84835.16005,56876.66080972347,63373.16799999999,59410.882000000005,56801.622,52414.447,85.95687178546792,4642.5204524205255,3533.6015504414686,56384.36
2024-03-05,68245.71,69000.0,59005.0,63724.01,132696.7813,57561.39572875113,63891.774,60626.461,57598.240666666665,53119.15133333333,71.27800660767198,4631.567640645,3753.1947684821753,55908.074
2024-03-06,63724.01,67641.1,62779.14,66074.04,78738.85491,58412.66015587601,64629.002,62060.98,58519.25533333334,53897.996,74.62545023701605,4757.671760870493,3954.0901669598393,54640.082
2024-03-07,66074.04,67980.0,65551.0,66823.17,53059.8869,59253.71114028841,65596.18,63295.65,59517.507333333335,54688.80333333333,76.71939998974895,4862.012461777988,4135.67462592347,54488.99
2024-03-08,66823.18,69990.0,66082.66,68124.19,74261.932842,60140.75902625956,66598.224,64404.335,60639.892,55481.28966666667,79.13482183208993,4992.138395973008,4306.967379933378,54823.574
2024-03-09,68124.2,68541.1,67861.1,68313.27,19872.89743,60958.010123633605,66611.736,64992.452000000005,61811.16666666666,56248.777,78.6809573741784,5052.281753009294,4456.030254548561,54823.574
2024-03-10,68313.28,69887.61,68094.75,68955.88,38404.66835,61757.79711127025,67658.11,65774.94200000001,62970.344000000005,56976.214,79.02723301378214,5093.089092533344,4583.442022145518,54518.99
2024-03-11,68955.88,72800.0,67024.96,72078.1,75292.825726,62789.82740014322,68858.92199999999,66743.962,64326.960666666666,57787.11433333334,79.28869018796605,5316.085736405075,4729.97076499743,56837.684
2024-03-12,72078.1,73000.0,68620.82,71452.01,68783.546691,63656.0456601289,69784.69,67690.435,65458.66333333334,58558.84833333334,75.63635277140384,5380.271531616207,4860.030918321186,55138.266
2024-03-13,71452.0,73650.25,71333.31,73072.41,52659.711647,64597.68209411601,70774.334,68686.27900000001,66527.668,59330.68633333334,71.85822804780895,5498.508590182006,4987.7264526933495,55138.266
2024-03-14,73072.4,73777.0,68555.0,71388.94,71757.628746,65276.8078847044,71389.46800000001,69000.602,67124.79066666667,60053.66466666666,70.74685741930574,5394.189492589045,5069.019060672489,55138.266
2024-03-15,71388.94,72419.71,65600.0,69499.85,103334.03546,65699.11209623396,71498.262,69578.18600000002,67682.71533333333,60643.820666666674,64.02536257749796,5100.289122764487,5075.273073090889,54158.582
2024-03-16,69499.84,70043.0,64780.0,65300.63,55926.95336,65659.26388661057,70142.768,69500.845,67876.89733333333,61091.175,55.68279073245543,4476.921834465873,4955.602825365886,56979.668
2024-03-17,65300.64,68904.4,64533.0,68393.48,49742.21589,65932.68549794951,69531.062,69657.876,68303.97733333333,61633.48733333334,58.48287120424566,4184.232684551389,4801.328797202987,53669.87
2024-03-18,68393.47,68956.0,66565.2,67609.99,55691.08088,66100.41594815455,68438.57800000001,69606.456,68603.712,62165.73233333334,48.81264381555748,3844.7336333699495,4610.00976443638,53410.406
2024-03-19,67610.0,68124.11,61555.0,61937.4,101005.32487,65684.1143533391,66548.26999999999,68968.869,68183.158,62492.39,46.80063134618781,3082.415417961456,4304.4908951413945,53448.246
2024-03-20,61937.41,68100.0,60775.0,67840.51,90420.58592,65899.75391800518,66216.402,68857.33200000001,68457.59133333333,63027.916,52.80620390495504,2920.9336774794647,4027.779451609009,56130.18
2024-03-21,67840.51,68240.47,64529.01,65501.27,53357.48002,65859.90552620466,66256.53,68199.649,68419.40666666666,63469.331000000006,48.00102708404911,2574.523610976721,3737.128283482552,53448.246
2024-03-22,65501.28,66649.62,62260.0,63796.64,51482.37821,65653.5789735842,65337.162,67434.112,68217.638,63867.57266666667,43.53481181627036,2137.7985319677173,3417.262333179585,51647.008
2024-03-23,63796.64,65999.0,63000.0,63990.01,26410.11409,65487.22207622578,64613.16599999999,66525.872,67942.026,64290.959,43.54204869806091,1786.6981591604565,3091.14949837576,53368.297
2024-03-24,63990.02,67628.69,63772.29,67209.99,31395.78015,65659.4988686032,65667.684,66107.977,67868.474,64839.82033333333,47.578499157414406,1748.1227883381289,2822.5441563682334,55797.215
2024-03-25,67210.0,71150.0,66385.06,69880.01,53431.14486,66081.54998174288,66075.584,66145.99299999999,67930.08266666667,65450.21333333333,46.91258246705178,1910.971340675744,2640.229593229736,55797.215
2024-03-26,69880.0,71561.1,69280.0,69988.0,38934.38417,66472.1949835686,66972.93,66614.73,67790.74266666667,66058.85166666667,47.91329396555534,2025.3963735251448,2517.2629492888177,55797.215
2024-03-27,69987.99,71769.54,68359.18,69469.99,49119.35685,66771.97448521174,68107.6,66722.381,67658.608,66558.63566666667,44.6987467426552,2050.6414405892137,2423.938647548897,53458.797
2024-03-28,69469.99,71552.06,68903.62,70780.6,35439.03239,67172.83703669057,69465.71800000001,67039.442,67505.82066666667,67016.74433333334,49.09484528719625,2151.6012915301253,2369.471176345143,54022.055
2024-03-29,70780.6,70916.16,69009.0,69850.54,25445.08353,67440.60733302151,69993.828,67830.756,67403.26066666667,67264.02566666667,50.53712386855389,2131.988396494882,2321.9746203750906,56984.38
2024-03-30,69850.53,70321.1,69540.0,69582.18,13644.61142,67654.76459971935,69934.262,68004.92300000001,67408.74933333333,67545.73233333333,57.45542901779636,2070.91836880066,2271.7633700602046,55270.785
2024-03-31,69582.17,71366.0,69562.99,71280.01,19396.34433,68017.28913974742,70192.664,68582.79699999999,67807.37466666667,67842.136,55.28295208257608,2134.9107018744107,2244.392836423046,58580.582
2024-04-01,71280.0,71288.23,68062.86,69649.8,41445.32039,68180.54022577268,70228.62599999999,69168.113,67891.12933333333,68097.55333333333,53.62104891676172,2030.672436312554,2201.648756400948,59695.793
2024-04-02,69649.81,69674.23,64550.0,65463.99,71799.82793,67908.88520319542,69165.30399999999,69315.511,67748.06266666666,68175.88733333333,56.60924247064101,1591.9519440767615,2079.7093939361107,57289.19
2024-04-03,65463.99,66903.63,64493.07,65963.28,39887.21778,67714.32468287587,68387.852,69190.84,68016.45466666667,68099.80633333334,45.58826363393233,1269.912561908248,1917.7500275305383,55847.383
2024-04-04,65963.27,69309.91,65064.52,68487.79,41510.48453,67791.67121458829,68168.974,69051.618,68059.60666666666,68258.599,56.95812061873156,1204.5159797316885,1775.1032179707686,57448.81
2024-04-05,68487.8,68756.67,65952.56,67820.62,37915.23073,67794.56609312947,67477.09599999999,68834.88,68214.23,68316.81833333333,59.8514827730397,1086.3311249810213,1637.3487993728193,56557.56
2024-04-06,67820.63,69692.0,67447.83,68896.0,20134.28919,67904.70948381652,67326.336,68777.481,68554.18733333334,68385.91266666667,61.51358140700663,1067.141610575447,1523.307361613345,57745.566
2024-04-07,68896.0,70326.29,68824.0,69360.39,21534.74433,68050.27753543487,68105.61600000001,68635.45999999999,68912.21266666666,68427.11933333332,55.79633890469032,1076.9912889121042,1434.0441470730968,62088.867
2024-04-08,69360.38,72797.99,69043.24,71620.0,45723.87624,68407.24978189138,69236.95999999999,68812.406,69206.21333333333,68537.34366666667,54.79620689522103,1252.688657535837,1397.7730491656448,61833.61
2024-04-09,71620.0,71758.19,68210.0,69146.0,39293.90242,68481.12480370225,69368.602,68768.78799999999,69157.27933333332,68543.681,47.94686626442802,1178.7115114998887,1353.9607416324936,60059.586
2024-04-10,69146.0,71172.08,67518.0,70631.08,42006.02377,68696.12032333201,69930.694,68703.89499999999,69200.15133333333,68495.447,52.70369140534949,1225.7875194603405,1328.326097198063,61427.824
2024-04-11,70631.08,71305.89,69567.21,70006.23,31917.25595,68827.13129099882,70152.74,68739.538,69235.90066666667,68447.25433333333,48.137329186421,1198.8557590936252,1302.4320295771754,60059.586
2024-04-12,70006.22,71227.46,65086.86,67116.52,56072.86229,68656.07016189894,69703.966,68904.791,68991.62866666667,68248.72466666666,43.990160993924285,933.5750265089446,1228.6606289635297,56543.08
2024-04-13,67116.52,67929.0,60660.57,63924.51,71395.22019,68182.91414570904,68164.868,68700.914,68596.56,67999.91033333333,38.97993170976848,460.46168871173,1075.0208409131696,53996.06
2024-04-14,63924.52,65840.0,62134.0,65661.84,61599.17818,67930.80673113813,67468.036,68418.31899999999,68335.204,67871.97666666667,39.07368330976863,223.13184640664247,904.6430420118644,53996.06
2024-04-15,65661.85,66867.07,62274.4,63419.99,52389.53069,67479.72505802431,66025.818,67978.256,67811.20266666666,67809.28866666667,38.16569969442638,-144.19018783701176,694.8763960420891,52392.957
2024-04-16,63419.99,64365.0,61600.0,63793.39,53435.29331,67111.09155222189,64783.25,67467.995,67420.77533333334,67655.95233333333,46.28897069473064,-400.548018793299,475.7915130750116,54247.816
2024-04-17,63793.4,64499.0,59678.16,61277.37,50610.54509,66527.7193969997,63615.42,66659.693,67141.66733333333,67444.865,40.4467874208318,-797.5416696132597,221.12487653735727,52200.746
2024-04-18,61277.38,64117.09,60803.35,63470.08,43601.60918,66221.95545729973,63524.534,65844.70099999999,66975.454,67495.95433333333,39.6300495463453,-924.5707502315928,-8.014248816432655,52200.746
2024-04-19,63470.09,65450.0,59600.01,63818.01,69774.30271,65981.56091156976,63155.768,65311.902,66664.13533333334,67361.871,41.61731437233475,-985.8034401720944,-203.57208708756497,51887.73
2024-04-20,63818.01,65419.0,63090.07,64940.59,23137.42975,65877.46382041278,63459.888,64742.853,66472.13333333333,67343.18166666667,41.73251058567888,-932.9930013485864,-349.4562699397693,54334.52
2024-04-21,64940.58,65695.56,64237.5,64941.15,19316.42152,65783.83243837151,63689.44,64236.345,66208.47666666667,67381.332,40.58038234025248,-880.9402301751979,-455.7530619868551,54647.527
2024-04-22,64941.15,67232.35,64500.0,66819.32,31397.99371,65887.38119453435,64797.83,64206.625,66039.072,67475.64233333334,39.59820074362331,-680.2934125302418,-500.6611320955325,54647.527
2024-04-23,66819.32,67183.01,65765.81,66414.0,22599.90004,65940.04307508092,65386.614,64455.574,65692.00533333333,67449.10933333334,43.4975665856798,-547.6720777653245,-510.0633212294909,54369.176
2024-04-24,66414.0,67070.43,63606.06,64289.59,33595.69637,65774.99776757283,65480.92999999999,64318.349,65368.24466666667,67262.762,35.352395383161976,-606.9938003538991,-529.4494170543726,54366.77
2024-04-25,64289.58,65297.94,62794.0,64498.34,31341.46338,65647.33199081555,65392.48,64426.184,64959.39533333333,67079.77333333333,37.02850817799654,-629.9012035175474,-549.5397743470076,54839.74
2024-04-26,64498.33,64820.01,63297.48,63770.01,27085.19346,65459.599791734,65158.252,64423.846,64543.64733333333,66889.774,41.225431149534565,-698.7706367253413,-579.3859468226743,54741.957
2024-04-27,63770.0,63923.41,62391.24,63461.98,20933.06052,65259.8378125606,64486.784,64642.30700000001,64300.01133333333,66645.81999999999,48.57114966028005,-769.3371654582152,-617.3761905497826,57101.05
2024-04-28,63461.98,64370.0,62781.0,63118.62,16949.20005,65045.71603130454,63827.708,64607.16100000001,64246.285333333326,66421.42266666667,41.40305663688816,-843.2474980499683,-662.5504520498198,54741.957
2024-04-29,63118.62,64228.35,61765.53,63866.0,28150.22947,64927.74442817408,63742.990000000005,64611.96000000001,64126.562666666665,66230.88333333333,51.67711392462181,-831.9247387067662,-696.4253093812091,57632.027
2024-04-30,63866.0,64734.0,59191.6,60672.0,54947.65535,64502.16998535667,62977.722,64185.101,63943.36333333333,65877.283,40.31679752816029,-1068.3650299483345,-770.8132534946342,54647.527
2024-05-01,60672.01,60841.63,56552.82,58364.97,81166.46823,63888.44998682099,61896.714,63527.48300000001,63581.46866666667,65501.122,40.84643738968203,-1425.4717535142554,-901.7449534985584,55028.63
2024-05-02,58364.97,59625.0,56911.84,59060.61,47583.81961,63405.66598813888,61016.44,62751.612,63433.68466666667,65287.676,34.70154716826643,-1633.5188816241498,-1048.099739123677,53406.13
2024-05-03,59060.6,63333.0,58811.32,62882.01,43628.40143,63353.300389325,60969.118,62398.413,63394.48,65184.967,47.38327622762366,-1473.0621428883169,-1133.092219876605,56862.215
2024-05-04,62882.01,64540.0,62541.03,63892.04,24368.69282,63407.1743503925,60974.326,62358.65800000001,63399.41533333333,65031.77533333333,47.05006242822444,-1249.988947093705,-1156.471565320025,56862.215
2024-05-05,63892.03,64646.0,62822.17,64012.0,18526.75029,63467.65691535325,61642.326,62310.02400000001,63337.509333333335,64904.82133333333,47.403420894811646,-1051.4021532706538,-1135.4576829101509,56862.215
2024-05-06,64012.0,65500.0,62700.0,63165.19,34674.91949,63437.410223817926,62602.37000000001,62249.542,63219.112,64713.79433333334,39.163604767369776,-951.3842133435246,-1098.6429889968258,54934.2
2024-05-07,63165.18,64422.41,62261.0,62312.08,25598.79472,63324.87720143613,63252.664,62134.55199999999,62918.62933333333,64478.850666666665,38.15038386340841,-930.2349531345972,-1064.9613818243802,55126.41
2024-05-08,62312.07,63020.22,60888.0,61193.03,26121.19004,63111.69248129251,62914.868,61941.993,62570.564666666665,64131.285,40.5030276859058,-992.3329976645329,-1050.4357049924106,54934.2
2024-05-09,61193.03,63429.03,60630.0,63074.01,30660.8061,63107.92423316326,62751.262,61862.794,62489.526,63928.88533333333,46.03804928036603,-879.6269869952303,-1016.2739613929746,57620.527
2024-05-10,63074.0,63469.13,60187.12,60799.99,36529.34025,62877.13080984694,62108.86,61875.59299999999,62242.96933333333,63601.18233333333,42.39267857874676,-962.7036226589262,-1005.5598936461648,54621.19
2024-05-11,60799.99,61515.0,60487.09,60825.99,13374.56936,62672.01672886225,61641.02,62121.69499999999,62046.70133333334,63295.174333333336,43.14927617514008,-1014.7470993452008,-1007.397334785972,54621.19
2024-05-12,60825.99,61888.0,60610.0,61483.99,12753.13236,62553.21405597602,61475.402,62364.033,61914.835333333336,63107.42333333333,45.820089692795264,-991.4678050185466,-1004.2114288324872,57620.527
2024-05-13,61484.0,63450.0,60749.21,62940.08,32733.41839,62591.90065037842,61824.812,62369.84,61902.93266666667,63074.609,47.71514530562449,-845.7749356171043,-972.5241301894104,57620.527
2024-05-14,62940.09,63118.36,61142.77,61577.49,29088.72041,62490.45958534058,61525.508,62138.385,61750.365333333335,62938.464,52.45647074909213,-830.6862779878647,-944.1565597491016,58151.504
2024-05-15,61577.49,66444.16,61319.47,66206.5,43559.74719,62862.06362680652,62606.81,62357.835,62119.332,63031.34766666666,68.89280377628151,-440.1324148539789,-843.351730770077,59223.027
2024-05-16,66206.51,66752.01,64602.77,65235.21,31106.3671,63099.378264125866,63488.654,62564.837,62577.348,63079.40833333333,64.6816153819084,-206.60899029206485,-716.0031826744746,59170.895
2024-05-17,65235.21,67451.2,65106.38,67024.0,26292.23409,63491.84043771328,64596.656,63036.029,63108.240666666665,63270.962666666666,60.902423860520216,121.40097470992625,-548.5223511975945,59096.777
2024-05-18,67024.0,67400.01,66600.0,66915.2,14441.25774,63834.17639394194,65391.67999999999,63608.246,63377.12,63385.8,58.35380916853185,368.326149857232,-365.1526509866293,58986.184
2024-05-19,66915.2,67700.0,65857.25,66274.01,18025.30409,64078.15975454774,66330.984,63928.246,63535.918,63467.66666666666,56.07553397046474,506.4395360853814,-190.8342135722272,61641.316
2024-05-20,66274.0,71515.56,66060.31,71446.62,50816.7011,64815.00577909297,67379.008,64992.909,64031.55933333333,63684.53433333334,68.04899237322006,1021.5064963942132,51.63392842106092,61131.945
2024-05-21,71446.62,71979.0,69162.94,70148.34,49607.4336,65348.33920118368,68361.63399999999,65925.144,64497.10266666666,63858.10733333333,66.75366768291377,1309.841391264163,303.27542098968127,61371.67
2024-05-22,70148.34,70666.0,68842.19,69166.62,27673.18026,65730.16728106531,68790.15799999998,66693.407,64954.072,63936.350666666665,67.14797003101587,1442.5039853501512,531.1211338617753,61371.67
2024-05-23,69166.62,70096.12,66312.16,67969.65,40513.17374,65954.11555295877,69001.048,67196.36399999999,65405.846666666665,63988.20566666666,60.84768866971319,1434.518337008965,711.8005744912134,61048.9
2024-05-24,67969.66,69250.0,66600.12,68549.99,28095.83664,66213.7029976629,69456.24399999999,67893.61399999999,65770.912,64130.219,68.56582699619771,1458.2089163768687,861.0822428683446,61371.67
2024-05-25,68549.99,69610.0,68500.0,69290.57,12130.39418,66521.38969789661,69025.034,68202.021,66336.95066666667,64289.96,69.60640703855137,1519.22975301696,992.7117448980676,61380.8
2024-05-26,69290.56,69562.23,68128.01,68507.67,11872.11797,66720.01772810695,68696.9,68529.26699999999,66849.06266666666,64447.882,66.17527575679969,1487.271379979793,1091.6236719144126,61380.8
2024-05-27,68507.67,70687.56,68250.0,69436.43,23136.92737,66991.65895529625,68750.862,68770.51,67379.22533333334,64647.030333333336,65.33327542753125,1519.3729238397937,1177.173522299489,61520.754
2024-05-28,69436.43,69591.81,67277.91,68398.39,32622.97042,67132.33205976663,68836.61,68918.829,67743.11266666667,64823.02266666666,66.34979730844016,1444.402305224823,1230.6192788845558,61511.625
2024-05-29,68398.4,68935.68,67124.65,67652.42,23159.83149,67184.34085378997,68657.09599999999,69056.67,68148.108,64949.23666666666,54.258657983157626,1309.6966375894408,1246.4347506255328,61833.61
2024-05-30,67652.41,69500.0,67128.0,68352.17,28478.2184,67301.12376841097,68469.416,68747.225,68291.15266666666,65205.242333333335,59.32958987590317,1245.0532041133993,1246.1584413231062,60003.426
2024-05-31,68352.17,69044.1,66670.0,67540.01,26690.32184,67325.01239156988,68275.884,68486.39199999999,68444.806,65511.077000000005,51.64041106124271,1115.4303066137943,1220.012814381244,61185.67
2024-06-01,67540.01,67900.0,67428.44,67766.85,8837.66133,67369.19615241289,67941.968,68346.41500000001,68494.32933333333,65801.28499999999,52.68725258123289,1019.257947528764,1179.861841010748,61185.67
2024-06-02,67766.84,68460.0,67257.47,67765.63,15426.32529,67408.8395371716,67815.416,68326.013,68551.02466666666,65964.07233333333,54.904663510923896,932.1964360230633,1130.3287600132112,61948.914
2024-06-03,67765.62,70288.0,67612.48,68809.9,29633.374,67548.94558345445,68046.91200000001,68352.004,68720.084,66128.001,38.099081044972834,936.6661186209094,1091.596231734751,56254.152
2024-06-04,68809.89,71063.45,68567.32,70537.84,29619.78489,67847.835025109,68484.046,68476.731,68659.49866666667,66345.52900000001,51.69238042104861,1067.335116455448,1086.7440086788904,60578.37
2024-06-05,70537.83,71758.0,70383.66,71108.0,28703.18082,68173.8515225981,69197.644,68736.764,68723.476,66610.28933333333,58.74818626699952,1203.0305977622047,1110.0013264955533,59736.27
2024-06-06,71108.0,71700.0,70117.64,70799.06,21842.00449,68436.37237033829,69804.086,68873.027,68832.30533333334,66893.18866666667,63.85896372112888,1270.9901845665154,1142.1990981097456,61409.67
2024-06-07,70799.06,71997.02,68420.0,69355.6,35598.45045,68528.29513330446,70122.08,68968.74799999999,68924.702,67165.27433333333,53.63838283658463,1194.602850187366,1152.6798485252698,60693.324
2024-06-08,69355.6,69582.2,69168.02,69310.46,9773.82967,68606.51161997402,70222.192,69134.552,68975.4,67373.156,50.09585034046388,1117.540604161681,1145.651999652552,60578.37
2024-06-09,69310.46,69857.14,69130.24,69648.14,9890.56709,68710.67445797662,70044.25200000001,69264.149,68999.238,67668.09433333334,55.74235700122757,1071.3661310172029,1130.7948259254822,61948.914
2024-06-10,69648.15,70195.94,69172.29,69540.0,17122.66941,68793.60701217897,69730.652,69464.148,69068.06,67958.56133333333,50.56845936917864,1014.353696148828,1107.5065999701517,60578.37
2024-06-11,69540.0,69590.01,66051.0,67314.24,41436.01588,68645.67031096107,69033.688,69418.887,68926.58066666666,68152.903,44.73582243336447,780.5727435180597,1042.119828679733,56059.746
2024-06-12,67314.23,69999.0,66905.0,68263.99,37175.32356,68607.50227986496,68815.366,69468.723,68917.62066666667,68330.36666666667,52.91190253313669,664.2791453769314,966.5516920191728,60270.77
2024-06-13,68263.98,68449.3,66251.78,66773.01,29079.55571,68424.05305187847,68307.876,69265.034,68858.99333333333,68503.55066666666,43.00788846343216,446.6572192506719,862.5727974654726,53683.05
2024-06-14,66773.01,67370.24,65078.0,66043.99,28408.18797,68186.04674669061,67587.046,68815.649,68705.11466666666,68498.13366666666,43.32688035827397,212.9101578212576,732.6402695366297,53683.05
2024-06-15,66043.99,66478.48,65857.1,66228.25,11451.80242,67990.26707202155,66924.696,68327.674,68617.664,68531.235,43.11077917239794,42.04747256664268,594.5217101426324,51887.73
2024-06-16,66228.25,66998.7,66034.5,66676.87,9392.52223,67858.92736481939,66797.222,67915.455,68544.99866666667,68519.664,45.31277445041031,-56.511126679193694,464.3151427782672,51299.723
2024-06-17,66676.86,67298.81,65130.0,66504.33,27386.16851,67723.46762833744,66445.29000000001,67630.32800000001,68460.912,68505.96833333334,39.2688219288259,-146.8492756418418,342.0822590942454,52200.746
2024-06-18,66504.33,66588.23,64060.0,65175.32,42350.10244,67468.6528655037,66125.75200000001,67216.814,68218.60666666666,68469.34533333333,24.07772640876452,-321.97142339727725,209.2715225959409,51251.617
2024-06-19,65175.32,65727.54,64666.0,64974.37,20060.79576,67219.22457895332,65911.82800000001,66749.437,67847.70866666667,68253.60366666666,19.25267563977232,-471.5363947339065,73.10993912997142,51349.773
2024-06-20,64974.37,66482.94,64559.15,64869.99,24265.29031,66984.30112105799,65640.176,66282.436,67431.84133333333,68077.65866666667,19.6557925584127,-591.6699033909827,-59.8460293742194,51349.773
2024-06-21,64869.99,65066.66,63379.35,64143.56,25993.56442,66700.22700895219,65133.514,65965.368,66988.14133333335,67910.22333333333,21.212660146299413,-736.9977531548939,-195.2763741303543,51355.508
2024-06-22,64143.56,64546.81,63943.82,64262.01,7308.95542,66456.40530805697,64685.05,65565.17,66648.56866666667,67786.63533333334,22.340200548544345,-833.0107664667448,-322.8232525976324,53073.703
2024-06-23,64262.01,64521.0,63178.32,63210.01,8224.45447,66131.76577725128,64291.988,65208.87000000001,66241.872,67608.636,17.28688890266443,-982.6618650276796,-454.79097508364185,53048.4
2024-06-24,63210.01,63369.8,58402.0,60293.3,52161.35414,65547.91919952615,63355.774,64633.80099999999,65618.216,67308.727,13.448484685576387,-1321.383473700473,-628.1094748070082,53091.17
2024-06-25,60293.3,62420.0,60257.06,61806.01,31189.24361,65173.72827957354,62742.978,64191.577000000005,65102.61666666667,67085.33833333333,26.92561292446844,-1451.033127518749,-792.6942053493564,53378.598
2024-06-26,61806.01,62487.81,60712.0,60864.99,22485.66463,64742.85445161618,62087.264,63610.38899999999,64672.66666666666,66799.62366666667,18.9823494099142,-1611.1416240713152,-956.3836890937482,53354.64
2024-06-27,60864.98,62389.22,60606.63,61706.47,18344.28631,64439.21600645456,61576.156,63130.603,64235.49866666667,66576.55966666667,27.53711345873849,-1651.095555853855,-1095.3260624457698,53378.598
2024-06-28,61706.46,62225.31,60063.0,60427.84,24821.19255,64038.0784058091,61019.722,62655.855,63812.48733333334,66335.74033333334,26.257462677102467,-1765.5815644486793,-1229.3771628463517,52953.12
2024-06-29,60427.84,61224.0,60383.77,60986.68,11509.55904,63732.93856522819,61158.398,62257.08600000001,63475.333333333336,66090.224,28.52127191382891,-1790.578163040649,-1341.6173628852112,52870.363
2024-06-30,60986.68,63058.76,60712.21,62772.01,17326.30136,63636.845708705376,61351.598,62047.288,63244.91733333333,65931.29066666667,35.578661710915895,-1647.337456375768,-1402.7613815833226,53895.13
2024-07-01,62772.01,63861.76,62497.2,62899.99,24547.10538,63563.16013783484,61758.598,61922.931,62993.12533333334,65769.062,36.64457770610765,-1506.129524300719,-1423.435010126802,53895.13
2024-07-02,62900.0,63288.83,61806.28,62135.47,18573.11875,63420.39112405136,61844.398,61710.277,62701.868,65581.39,38.24445470527319,-1439.3200102897754,-1426.6120101593967,54368.098
2024-07-03,62135.46,62285.94,59400.0,60208.58,32160.11127,63099.21001164622,61800.546,61410.134,62370.752,65294.67933333334,33.74046509914115,-1524.285889508661,-1446.1467860292496,52927.527
2024-07-04,60208.57,60498.19,56771.0,57050.01,54568.77276,62494.29001048159,61013.212,61085.80500000001,61842.46133333333,64845.085,27.92158585532337,-1825.4495169364675,-1522.0073322106932,52774.168
2024-07-05,57050.02,57546.0,53485.93,56628.79,81348.24756,61907.74000943344,59784.56799999999,60568.083000000006,61293.048,64362.44466666666,28.411230525701924,-2074.202677833615,-1632.4464013352776,42535.035
2024-07-06,56628.79,58475.0,56018.0,58230.13,21651.31558,61539.97900849009,58850.596,60304.59700000001,60898.819333333326,63943.48033333333,34.031864899265315,-2117.7148958831312,-1729.5001002448485,42620.457
2024-07-07,58230.13,58449.46,55724.37,55857.81,19118.93918,60971.76210764107,57595.064,59719.73099999999,60338.53933333333,63493.554,31.80829352974825,-2316.9170622081656,-1846.983492637512,42601.934
2024-07-08,55857.81,58236.73,54260.16,56714.62,48090.2049,60546.04789687696,56896.272,59348.409,59905.51333333333,63073.69266666667,40.14010621755092,-2378.234006625702,-1953.23359543515,43519.324
2024-07-09,56714.61,58296.0,56289.45,58050.0,27732.20788,60296.44310718926,57096.27,59054.741,59755.96,62687.088,39.54941283771639,-2292.6459259656403,-2021.116061541248,43519.324
2024-07-10,58050.0,59470.0,57157.79,57725.85,24951.73799,60039.38379647033,57315.68199999999,58550.125,59483.94933333333,62293.283,40.955290760459306,-2225.3208379731004,-2061.957016827618,43613.754
2024-07-11,57725.85,59650.0,57050.0,57339.89,29761.05735,59769.43441682329,57137.634,57994.115000000005,59248.94266666667,61960.80466666666,37.07954934151736,-2178.002312190089,-2085.1660759001124,43711.535
2024-07-12,57339.89,58526.68,56542.47,57889.1,23652.4569,59581.40097514096,57543.89199999999,57569.478,58994.45133333334,61614.975,42.14912682174992,-2072.297230027434,-2082.592306725577,43439.81
2024-07-13,57889.09,59850.0,57756.63,59204.02,15357.74519,59543.66287762686,58041.772,57469.022,58912.86333333333,61362.67533333333,44.73352398284153,-1860.9700319794567,-2038.2678517763527,43448.375
2024-07-14,59204.01,61420.69,59194.01,60797.91,21178.33907,59669.08758986418,58591.35400000001,57843.812,58900.27866666667,61187.806,44.101233717958834,-1547.0447339990787,-1940.0232282208983,50142.867
2024-07-15,60797.91,64900.0,60632.3,64724.14,38690.9782,60174.59283087777,59991.012,58653.347,59030.42066666667,61137.669,54.44233981007637,-970.2581930287124,-1746.0702211824614,55658.06
2024-07-16,64724.06,65388.97,62373.24,65043.99,42530.52915,60661.53254779,61531.83200000001,59334.73299999999,59173.35400000001,61083.23966666668,57.23990055130896,-481.7877328037357,-1493.2137235067164,57934.73
2024-07-17,65044.0,66128.63,63854.0,64087.99,29567.52954,61004.178293011,62771.61,60157.751,59303.522,61002.695,60.14710305845672,-169.8546060428198,-1228.5419000139373,58147.887
2024-07-18,64087.99,65133.3,63238.48,63987.92,22568.7225,61302.5524637099,63728.39,60885.081000000006,59555.478,60963.115,71.60353358430874,68.49031784157705,-969.1354564428344,59465.316
2024-07-19,63987.92,66510.0,63300.67,66414.78,24261.84118,,,,,,,,,
2024-07-20,66660.01000000,66822.22000000,66222.46000000,66357.13000000,6455.52583000,,,,,,,,,
