timestamp,open,high,low,close,volume,predictions
2023-03-09,21704.37,21834.99,20042.72,20362.22,443658.28584,
2023-03-10,20362.21,20367.78,19549.09,20150.69,618456.4671,
2023-03-11,20150.69,20686.51,19765.03,20455.73,427831.82133,
2023-03-12,20455.73,22150.0,20270.6,21997.11,430944.94288,
2023-03-13,21998.05,24500.0,21813.88,24113.48,687889.31259,
2023-03-14,24112.27,26386.87,23976.42,24670.41,699360.93423,
2023-03-15,24670.41,25196.97,23896.95,24285.66,581450.72984,
2023-03-16,24285.66,25167.4,24123.0,24998.78,439421.32998,
2023-03-17,24998.78,27756.84,24890.0,27395.13,624460.68091,
2023-03-18,27395.13,27724.85,26578.0,26907.49,371238.97174,
2023-03-19,26907.49,28390.1,26827.22,27972.87,372066.99054,
2023-03-20,27972.87,28472.0,27124.47,27717.01,477378.23373,
2023-03-21,27717.01,28438.55,27303.1,28105.47,420929.7422,
2023-03-22,28107.81,28868.05,26601.8,27250.97,224113.41296,
2023-03-23,27250.97,28750.0,27105.0,28295.41,128649.60818,
2023-03-24,28295.42,28374.3,27000.0,27454.47,86242.06544,
2023-03-25,27454.46,27787.33,27156.09,27462.95,50844.08102,
2023-03-26,27462.96,28194.4,27417.76,27968.05,49671.70353,
2023-03-27,27968.05,28023.86,26508.14,27124.91,88039.46898,
2023-03-28,27124.9,27520.0,26631.78,27261.07,78602.44341,
2023-03-29,27261.06,28650.0,27240.1,28348.6,89486.16008,
2023-03-30,28348.6,29184.68,27686.0,28028.53,98865.43256,
2023-03-31,28028.53,28656.69,27511.71,28465.36,78198.12139,
2023-04-01,28465.36,28819.71,28220.27,28452.73,30238.44753,
2023-04-02,28452.74,28530.0,27856.43,28171.87,37365.65692,
2023-04-03,28171.87,28500.99,27200.24,27800.0,79180.01405,
2023-04-04,27800.0,28444.44,27662.79,28165.47,49722.55691,
2023-04-05,28165.47,28775.0,27805.1,28170.01,60737.64732,
2023-04-06,28170.01,28182.05,27711.0,28033.82,40118.94963,
2023-04-07,28033.83,28100.0,27766.94,27906.33,24762.09387,
2023-04-08,27906.34,28154.99,27859.02,27938.38,19479.96735,
2023-04-09,27938.38,28530.0,27800.0,28323.76,32531.16101,
2023-04-10,28323.76,29770.0,28170.0,29637.34,67754.0622,
2023-04-11,29637.35,30550.0,29590.0,30200.42,67990.07621,
2023-04-12,30200.43,30486.0,29637.4,29888.07,62049.48451,
2023-04-13,29888.07,30595.0,29854.59,30373.84,51934.11731,
2023-04-14,30373.84,31000.0,29966.0,30466.93,75984.19452,
2023-04-15,30466.93,30595.6,30202.0,30295.09,25429.81247,
2023-04-16,30295.1,30549.99,30120.0,30304.65,26431.99322,
2023-04-17,30304.66,30316.06,29240.65,29430.27,56441.81127,
2023-04-18,29430.27,30485.0,29096.78,30380.01,62004.89434,
2023-04-19,30380.01,30413.53,28520.0,28797.1,86575.48656,
2023-04-20,28797.1,29088.3,28010.0,28243.65,76879.09372,
2023-04-21,28243.65,28374.02,27125.0,27262.84,77684.7679,
2023-04-22,27262.84,27882.72,27140.35,27816.85,36023.69686,
2023-04-23,27816.85,27816.85,27311.25,27590.6,34812.09581,
2023-04-24,27590.59,28000.0,26942.82,27510.93,53111.56874,
2023-04-25,27510.93,28399.99,27192.0,28300.79,52325.14637,
2023-04-26,28300.8,30036.0,27235.0,28415.29,129228.40403,
2023-04-27,28415.29,29890.0,28378.86,29472.77,95430.82431,
2023-04-28,29472.77,29599.54,28891.0,29311.7,54298.16578,
2023-04-29,29311.69,29448.88,29031.0,29230.45,20466.83058,
2023-04-30,29230.45,29969.39,29079.59,29233.21,39752.5372,
2023-05-01,29233.2,29337.34,27666.95,28068.26,64433.65958,
2023-05-02,28068.26,28879.88,27872.0,28669.86,50824.5224,
2023-05-03,28669.85,29266.66,28113.69,29026.16,64615.79213,
2023-05-04,29026.16,29379.83,28663.64,28838.16,42575.47501,
2023-05-05,28838.16,29677.0,28800.0,29505.61,58415.83048,
2023-05-06,29505.6,29820.0,28300.0,28848.2,49249.28459,
2023-05-07,28848.19,29138.29,28395.23,28430.1,30003.41028,
2023-05-08,28430.09,28631.01,27262.0,27668.79,68244.36179,28910.2265625
2023-05-09,27668.8,27818.0,27353.0,27628.27,40113.31069,29070.5234375
2023-05-10,27628.28,28331.42,26777.0,27598.75,71155.11355,29158.69140625
2023-05-11,27598.74,27630.14,26702.05,26968.62,47635.31365,29163.40625
2023-05-12,26968.61,27091.12,25811.46,26795.01,67207.93494,29079.3828125
2023-05-13,26795.01,27045.45,26692.03,26775.28,22814.90421,28907.470703125
2023-05-14,26775.27,27200.0,26560.53,26917.62,21594.8036,28656.3046875
2023-05-15,26917.61,27663.59,26726.0,27162.14,40430.08333,28343.482421875
2023-05-16,27162.15,27296.89,26852.11,27033.84,33270.45451,27995.04296875
2023-05-17,27033.85,27500.0,26544.71,27405.61,42958.97785,27640.3515625
2023-05-18,27405.62,27485.33,26361.2,26821.28,49198.65143,27308.7890625
2023-05-19,26821.28,27183.6,26630.0,26880.26,28754.13544,27023.806640625
2023-05-20,26880.26,27150.0,26825.11,27102.43,14434.54718,26799.013671875
2023-05-21,27102.42,27277.55,26666.03,26747.78,21347.87279,26641.287109375
2023-05-22,26747.78,27099.89,26538.21,26849.27,26458.83828,26548.54296875
2023-05-23,26849.28,27495.83,26798.11,27219.61,38700.83858,26512.8125
2023-05-24,27219.61,27219.61,26080.5,26329.01,54393.0657,26524.130859375
2023-05-25,26329.0,26631.98,25871.89,26473.79,37435.44895,26567.95703125
2023-05-26,26473.8,26932.16,26327.24,26705.92,35061.18713,26627.0703125
2023-05-27,26705.93,26895.0,26551.0,26854.27,15095.6867,26687.015625
2023-05-28,26854.28,28261.32,26764.36,28065.0,43916.00855,26739.302734375
2023-05-29,28065.01,28447.14,27524.6,27736.4,42385.41945,26787.82421875
2023-05-30,27736.39,28038.59,27554.0,27694.4,32686.75371,26842.849609375
2023-05-31,27694.39,27835.51,26839.01,27210.35,46588.80573,26914.935546875
2023-06-01,27210.36,27350.0,26605.05,26817.93,39217.8088,27008.078125
2023-06-02,26817.93,27300.0,26505.0,27242.59,36380.90269,27116.55859375
2023-06-03,27242.59,27333.29,26914.93,27069.22,16595.34117,27230.203125
2023-06-04,27069.22,27455.02,26951.0,27115.21,19258.41049,27337.0390625
2023-06-05,27115.2,27129.33,25388.0,25728.2,65805.60305,27425.2578125
2023-06-06,25728.2,27355.33,25351.02,27230.08,68392.60438,27477.599609375
2023-06-07,27230.07,27391.77,26125.01,26339.34,59619.44364,27484.294921875
2023-06-08,26339.34,26810.0,26210.0,26498.61,31075.51083,27442.10546875
2023-06-09,26498.62,26783.33,26269.91,26477.81,27934.7097,27352.95703125
2023-06-10,26477.8,26533.87,25358.0,25841.21,64944.60108,27224.75390625
2023-06-11,25841.22,26206.88,25634.7,25925.55,30014.29595,27065.353515625
2023-06-12,25925.54,26106.48,25602.11,25905.19,29900.50893,26882.736328125
2023-06-13,25905.2,26433.21,25712.57,25934.25,41065.60853,26686.10546875
2023-06-14,25934.24,26098.0,24820.56,25128.6,45077.31608,26485.08203125
2023-06-15,25128.6,25759.01,24800.0,25598.49,48664.86063,26284.70703125
2023-06-16,25598.49,26518.0,25175.56,26345.0,51596.91662,26089.107421875
2023-06-17,26345.01,26839.99,26181.0,26516.99,27842.2195,25907.88671875
2023-06-18,26516.99,26700.0,26255.85,26339.97,21538.31022,25755.6796875
2023-06-19,26339.98,27068.09,26256.61,26844.35,35872.65974,25645.26171875
2023-06-20,26844.35,28402.74,26652.0,28307.99,69666.95525,25588.970703125
2023-06-21,28308.0,30800.0,28257.99,29993.89,108926.40412,25603.966796875
2023-06-22,29993.89,30500.0,29525.61,29884.92,59054.5646,25717.447265625
2023-06-23,29884.92,31431.94,29800.0,30688.5,73931.89635,25954.44921875
2023-06-24,30688.51,30800.0,30250.0,30527.43,30513.30135,26332.396484375
2023-06-25,30527.44,31046.01,30277.49,30462.66,30223.44801,26853.8359375
2023-06-26,30462.67,30666.0,29930.0,30267.99,45180.41489,27501.044921875
2023-06-27,30267.99,30994.97,30226.17,30692.44,42699.64157,28236.8515625
2023-06-28,30692.44,30709.74,29858.8,30077.41,40463.51937,29011.564453125
2023-06-29,30077.4,30843.98,30049.98,30447.31,36330.62903,29767.505859375
2023-06-30,30447.31,31282.0,29500.0,30472.0,89419.07618,30448.5234375
2023-07-01,30471.99,30661.6,30320.57,30585.9,17501.75075,31009.16796875
2023-07-02,30585.9,30791.0,30155.0,30617.03,23286.41019,31421.1796875
2023-07-03,30617.02,31380.0,30570.27,31156.2,43761.64311,31674.71875
2023-07-04,31156.2,31350.69,30620.0,30766.51,33206.11943,31780.865234375
2023-07-05,30766.52,30878.07,30200.0,30504.81,33215.67122,31764.771484375
2023-07-06,30504.8,31500.0,29850.45,29895.43,71319.6261,31656.017578125
2023-07-07,29895.42,30449.0,29701.02,30344.7,34070.53895,31480.88671875
2023-07-08,30344.7,30386.81,30044.47,30284.63,13094.59042,31262.8984375
2023-07-09,30284.63,30445.52,30061.12,30160.71,15388.50196,31023.40234375
2023-07-10,30160.71,31045.78,29950.0,30411.57,41262.87652,30779.46875
2023-07-11,30411.57,30813.63,30300.0,30622.1,28476.83311,30545.876953125
2023-07-12,30622.1,30983.25,30210.0,30380.0,38108.99669,30337.072265625
2023-07-13,30380.0,31804.2,30251.0,31454.23,70772.51836,30164.216796875
2023-07-14,31454.23,31630.0,29900.0,30312.01,60749.48424,30040.728515625
2023-07-15,30312.0,30390.9,30200.0,30289.52,14118.55329,29973.60546875
2023-07-16,30289.52,30441.46,30064.29,30231.99,15760.1281,29959.71484375
2023-07-17,30232.0,30336.96,29659.2,30138.0,30882.76839,29989.083984375
2023-07-18,30138.01,30239.78,29512.0,29859.13,30003.8601,30046.734375
2023-07-19,29859.14,30189.09,29761.96,29909.21,25657.36137,30114.82421875
2023-07-20,29909.21,30417.46,29570.96,29800.0,37540.68193,30176.1875
2023-07-21,29800.0,30061.7,29726.34,29901.72,23881.40865,30217.126953125
2023-07-22,29901.72,29999.0,29625.1,29794.0,14660.40467,30230.142578125
2023-07-23,29793.99,30350.0,29730.0,30083.75,18292.78637,30213.634765625
2023-07-24,30083.75,30099.58,28861.9,29176.5,39628.99691,30172.5625
2023-07-25,29176.5,29376.0,29047.65,29228.91,21565.7478,30111.623046875
2023-07-26,29228.91,29690.0,29096.94,29351.96,33931.63366,30033.267578125
2023-07-27,29351.95,29567.49,29083.85,29222.78,22476.47626,29940.693359375
2023-07-28,29222.78,29542.22,29123.12,29314.14,23993.61627,29837.68359375
2023-07-29,29314.14,29406.92,29256.18,29352.9,10851.36844,29728.54296875
2023-07-30,29352.9,29449.0,29033.24,29281.09,15706.97441,29619.27734375
2023-07-31,29281.09,29530.0,29101.8,29232.25,22605.48964,29515.93359375
2023-08-01,29232.26,29739.25,28585.7,29705.99,44719.65162,29423.666015625
2023-08-02,29705.99,30047.5,28927.5,29186.01,48181.65141,29349.330078125
2023-08-03,29186.0,29433.33,28968.0,29193.64,26476.91994,29296.865234375
2023-08-04,29193.65,29333.08,28807.54,29113.99,23551.95217,29266.173828125
2023-08-05,29114.0,29152.23,28978.64,29072.13,11645.52018,29253.552734375
2023-08-06,29072.13,29205.09,28991.88,29088.42,13178.1972,29253.638671875
2023-08-07,29088.43,29276.78,28701.03,29211.06,30966.87746,29259.431640625
2023-08-08,29211.06,30244.0,29146.45,29770.42,45700.53392,29266.044921875
2023-08-09,29770.41,30160.0,29376.67,29581.99,38003.88725,29273.974609375
2023-08-10,29581.99,29738.0,29320.2,29455.75,23463.45373,29286.89453125
2023-08-11,29455.76,29564.52,29252.45,29426.03,20637.0443,29308.0859375
2023-08-12,29426.02,29481.35,29381.56,29430.17,8971.48068,29338.74609375
2023-08-13,29430.18,29474.65,29272.32,29303.84,11101.70947,29377.90234375
2023-08-14,29303.85,29695.32,29102.45,29430.93,31443.11532,29421.71875
2023-08-15,29430.92,29499.26,29059.6,29200.0,27503.87691,29465.65234375
2023-08-16,29200.01,29259.85,28723.08,28730.51,32996.69854,29503.82421875
2023-08-17,28730.51,28783.48,25166.0,26623.41,100271.54033,29527.119140625
2023-08-18,26623.41,26832.6,25619.0,26054.0,69790.65711,29512.798828125
2023-08-19,26054.0,26281.0,25801.09,26100.01,26160.75343,29428.1953125
2023-08-20,26100.01,26299.0,25971.05,26189.99,19056.91209,29244.92578125
2023-08-21,26190.0,26258.42,25812.0,26126.92,30267.24233,28949.3515625
2023-08-22,26126.92,26139.42,25300.0,26056.0,34247.06688,28546.169921875
2023-08-23,26055.99,26819.27,25812.82,26432.72,44023.69978,28057.818359375
2023-08-24,26432.71,26577.87,25864.0,26180.05,30205.22116,27521.35546875
2023-08-25,26180.05,26314.05,25777.15,26060.01,27753.33772,26980.28515625
2023-08-26,26060.0,26125.77,25985.92,26017.37,10022.22322,26475.43359375
2023-08-27,26017.38,26182.23,25966.11,26101.77,12099.64216,26039.689453125
2023-08-28,26101.78,26253.99,25864.5,26120.0,22692.62655,25695.177734375
2023-08-29,26120.0,28142.85,25922.0,27716.34,74251.99488,25453.181640625
2023-08-30,27716.34,27768.57,27017.24,27299.99,35448.25848,25323.521484375
2023-08-31,27299.99,27587.51,25655.01,25940.78,51032.80401,25311.125
2023-09-01,25940.77,26156.0,25333.75,25805.05,41032.15056,25403.53515625
2023-09-02,25805.04,25987.5,25752.47,25869.51,16250.77698,25573.142578125
2023-09-03,25869.52,26135.0,25800.0,25971.21,17474.47667,25784.994140625
2023-09-04,25971.21,26108.02,25631.21,25826.02,21777.59609,26004.66015625
2023-09-05,25826.03,25915.49,25562.62,25792.1,21323.39337,26202.068359375
2023-09-06,25792.11,26040.0,25372.51,25759.95,27262.52386,26355.09375
2023-09-07,25759.95,26443.14,25615.38,26255.0,27687.49567,26450.6484375
2023-09-08,26255.0,26445.5,25647.26,25910.5,28999.76471,26488.275390625
2023-09-09,25910.5,25945.09,25796.64,25901.61,10980.62277,26475.763671875
2023-09-10,25901.6,26033.66,25570.57,25841.61,18738.26914,26424.88671875
2023-09-11,25841.6,25900.69,24901.0,25162.52,41682.32,26348.72265625
2023-09-12,25162.53,26567.0,25131.48,25840.1,56434.38537,26255.828125
2023-09-13,25840.1,26405.22,25764.17,26222.0,31610.82753,26153.349609375
2023-09-14,26222.0,26860.49,26126.77,26522.73,38333.1725,26051.982421875
2023-09-15,26522.73,26888.0,26224.0,26600.0,26227.29369,25964.625
2023-09-16,26599.99,26777.0,26445.0,26559.67,13960.93351,25904.20703125
2023-09-17,26559.67,26623.25,26399.0,26527.51,12998.10277,25880.408203125
2023-09-18,26527.5,27409.0,26377.35,26762.51,43000.43256,25897.736328125
2023-09-19,26762.5,27483.57,26667.79,27210.26,36190.52187,25956.25390625
2023-09-20,27210.25,27388.63,26800.0,27125.0,34207.21867,26054.64453125
2023-09-21,27125.01,27159.6,26377.7,26568.08,34476.82662,26188.953125
2023-09-22,26568.08,26743.38,26468.77,26580.14,18198.2292,26348.623046875
2023-09-23,26580.14,26632.81,26509.0,26575.96,9440.7026,26517.7265625
2023-09-24,26575.97,26738.54,26122.08,26248.38,15706.65771,26679.46875
2023-09-25,26248.39,26446.15,25990.46,26304.81,26266.2039,26816.390625
2023-09-26,26304.8,26397.46,26088.34,26221.67,18495.35066,26913.765625
2023-09-27,26221.68,26850.0,26112.06,26372.99,34771.57978,26962.12890625
2023-09-28,26373.0,27308.48,26342.4,27021.39,44517.83491,26959.134765625
2023-09-29,27021.39,27244.89,26665.16,26906.96,28478.76219,26913.39453125
2023-09-30,26906.96,27094.99,26886.31,26962.56,12804.62307,26840.783203125
2023-10-01,26962.57,28065.51,26954.09,27992.57,24602.81468,26759.69921875
2023-10-02,27992.58,28580.0,27281.44,27494.51,57071.14241,26693.259765625
2023-10-03,27494.51,27676.52,27160.5,27426.46,28928.96555,26662.02734375
2023-10-04,27426.45,27839.72,27202.0,27778.57,29816.142,26677.607421875
2023-10-05,27778.57,28120.39,27352.0,27410.39,30681.49619,26744.390625
2023-10-06,27410.39,28295.0,27175.94,27931.09,37983.24277,26857.58984375
2023-10-07,27931.1,28029.67,27842.08,27956.67,13348.83825,27007.533203125
2023-10-08,27956.67,28095.14,27687.5,27917.05,19693.56921,27182.6484375
2023-10-09,27917.06,27987.93,27260.0,27590.12,31534.74639,27369.70703125
2023-10-10,27590.12,27735.0,27298.0,27390.12,22776.84383,27553.67578125
2023-10-11,27390.12,27477.39,26538.66,26875.52,37349.44706,27718.265625
2023-10-12,26875.52,26947.04,26555.0,26759.63,23428.64112,27845.720703125
2023-10-13,26759.63,27130.0,26685.0,26862.0,24115.76499,27919.640625
2023-10-14,26862.0,26989.58,26789.0,26852.48,10417.25576,27929.8828125
2023-10-15,26852.48,27293.33,26808.25,27154.15,15274.6917,27874.48828125
2023-10-16,27154.14,30000.0,27112.66,28500.78,78399.22445,27761.62890625
2023-10-17,28500.77,28613.65,28069.32,28395.91,38428.44532,27615.49609375
2023-10-18,28395.91,28982.36,28142.87,28320.0,32162.47591,27469.892578125
2023-10-19,28320.0,28916.89,28100.66,28713.71,35895.50179,27356.8359375
2023-10-20,28713.71,30207.55,28578.29,29669.04,59422.0992,27302.76953125
2023-10-21,29669.05,30379.99,29464.77,29909.8,27517.51897,27330.236328125
2023-10-22,29909.8,30248.0,29640.0,29992.46,22852.54563,27454.90625
2023-10-23,29992.46,34741.91,29883.6,33069.99,93513.64246,27681.416015625
2023-10-24,33069.99,35280.0,32832.34,33922.73,115265.02418,28020.203125
2023-10-25,33922.73,35132.85,33679.05,34496.05,54887.02529,28489.021484375
2023-10-26,34496.05,34824.13,33751.0,34151.66,39744.66255,29102.6875
2023-10-27,34151.66,34245.0,33390.95,33892.02,32330.40106,29860.68359375
2023-10-28,33892.01,34493.33,33860.0,34081.0,16880.13144,30738.91015625
2023-10-29,34081.01,34750.11,33930.0,34525.89,20685.52176,31692.078125
2023-10-30,34525.88,34856.0,34062.84,34474.73,33657.95976,32661.5390625
2023-10-31,34474.74,34720.49,34025.0,34639.77,32737.89822,33583.95703125
2023-11-01,34639.78,35582.0,34097.39,35421.43,53473.28165,34400.39453125
2023-11-02,35421.43,35984.99,34300.0,34941.59,48015.57732,35068.95703125
2023-11-03,34941.58,34946.5,34120.0,34716.78,39071.20644,35566.26953125
2023-11-04,34716.78,35255.0,34585.18,35062.07,18377.55545,35884.54296875
2023-11-05,35062.06,35380.0,34448.0,35011.88,24528.73376,36033.40234375
2023-11-06,35011.89,35276.33,34725.9,35046.09,22346.47086,36036.94921875
2023-11-07,35046.09,35888.0,34523.06,35399.12,38688.73692,35928.37109375
2023-11-08,35399.13,36106.0,35100.0,35624.72,33401.34137,35746.8203125
2023-11-09,35624.72,37972.24,35534.05,36701.09,82537.88885,35533.75390625
2023-11-10,36701.1,37526.0,36324.71,37301.63,43414.04898,35333.80859375
2023-11-11,37301.63,37408.26,36666.93,37130.0,22984.97235,35192.48046875
2023-11-12,37129.99,37222.22,36731.1,37064.13,17687.18874,35145.75
2023-11-13,37064.13,37417.99,36333.0,36462.93,32798.18252,35211.7109375
2023-11-14,36462.93,36744.0,34800.0,35551.19,45503.68416,35384.890625
2023-11-15,35551.2,37980.0,35360.0,37858.2,53569.13385,35632.83984375
2023-11-16,37858.2,37929.54,35500.0,36163.51,47490.39566,35921.265625
2023-11-17,36163.51,36800.0,35861.1,36613.92,38283.61112,36214.625
2023-11-18,36613.91,36845.49,36178.58,36568.1,17102.24186,36478.8203125
2023-11-19,36568.11,37500.0,36384.02,37359.86,21246.34648,36689.78515625
2023-11-20,37359.85,37750.0,36677.0,37448.78,36022.70291,36840.359375
2023-11-21,37448.79,37649.44,35735.0,35741.65,47646.54804,36940.0
2023-11-22,35741.65,37861.1,35632.01,37408.34,45051.30697,36996.19140625
2023-11-23,37408.35,37653.44,36870.0,37294.28,23827.92882,37020.43359375
2023-11-24,37294.27,38414.0,37251.51,37713.57,44680.80646,37030.15234375
2023-11-25,37713.57,37888.0,37591.1,37780.67,11396.14464,37044.53125
2023-11-26,37780.67,37814.63,37150.0,37447.43,21264.53723,37081.19921875
2023-11-27,37447.42,37569.23,36707.0,37242.7,30001.07376,37149.640625
2023-11-28,37242.7,38377.0,36868.41,37818.87,37544.46667,37247.94921875
2023-11-29,37818.88,38450.0,37570.0,37854.64,32994.19107,37368.6484375
2023-11-30,37854.65,38145.85,37500.0,37723.96,24740.29147,37502.9296875
2023-12-01,37723.97,38999.0,37615.86,38682.52,43415.66324,37640.515625
2023-12-02,38682.51,39717.14,38641.61,39450.35,26696.92161,37777.0625
2023-12-03,39450.35,40250.0,39274.86,39972.26,26710.65335,37920.75390625
2023-12-04,39972.26,42420.0,39972.26,41991.1,79272.33059,38089.57421875
2023-12-05,41991.1,44488.0,41414.0,44073.32,67490.74644,38316.04296875
2023-12-06,44073.82,44297.21,43335.28,43762.69,51431.10492,38650.91796875
2023-12-07,43762.69,44047.33,42821.1,43273.14,47103.26845,39141.08203125
2023-12-08,43273.15,44700.0,43081.1,44170.99,42900.37556,39804.1484375
2023-12-09,44171.0,44358.02,43584.51,43713.6,24925.97008,40625.11328125
2023-12-10,43713.59,44049.0,43563.0,43789.51,18956.61758,41554.953125
2023-12-11,43789.5,43804.5,40222.0,41253.4,76663.89804,42515.875
2023-12-12,41253.41,42104.12,40680.0,41492.39,42722.69773,43399.046875
2023-12-13,41492.38,43475.2,40555.0,42869.03,45865.99773,44085.45703125
2023-12-14,42869.03,43420.0,41400.0,43022.26,42047.05709,44491.29296875
2023-12-15,43022.26,43080.81,41666.0,41940.3,33421.7932,44591.04296875
2023-12-16,41940.29,42724.43,41605.0,42278.03,24118.85747,44409.3359375
2023-12-17,42278.02,42424.07,41252.0,41374.65,27722.11452,44010.68359375
2023-12-18,41374.64,42757.81,40542.93,42657.8,46734.0925,43479.04296875
2023-12-19,42657.8,43497.0,41811.1,42275.99,40927.86444,42906.86328125
2023-12-20,42275.99,44283.0,42206.0,43668.93,48710.2947,42379.90625
2023-12-21,43668.92,44242.35,43286.72,43861.8,34624.29384,41970.73046875
2023-12-22,43861.79,44398.26,43412.54,43969.04,32783.19638,41733.4375
2023-12-23,43969.04,43988.68,43291.1,43702.16,16557.1293,41695.546875
2023-12-24,43702.15,43946.0,42500.0,42991.5,25144.33496,41852.10546875
2023-12-25,42991.5,43802.32,42720.43,43576.13,27021.23992,42164.48046875
2023-12-26,43576.12,43592.68,41637.6,42508.93,41010.04282,42573.60546875
2023-12-27,42508.93,43677.0,42098.69,43428.85,36191.21136,43008.66796875
2023-12-28,43428.86,43787.57,42241.79,42563.76,35150.52485,43404.96875
2023-12-29,42563.76,43111.0,41300.0,42066.95,42597.18912,43713.13671875
2023-12-30,42066.94,42612.32,41520.3,42140.28,22906.57818,43898.8828125
2023-12-31,42140.29,42899.0,41965.84,42283.58,23585.91603,43948.796875
2024-01-01,42283.58,44184.1,42180.77,44179.55,27174.29903,43872.6875
2024-01-02,44179.55,45879.63,44148.34,44946.91,65146.40661,43712.4453125
2024-01-03,44946.91,45500.0,40750.0,42845.23,81194.55173,43538.37890625
2024-01-04,42845.23,44729.58,42613.77,44151.1,48038.06334,43411.015625
2024-01-05,44151.1,44357.46,42450.0,44145.11,48075.25327,43370.05859375
2024-01-06,44145.12,44214.42,43397.05,43968.32,17835.06144,43434.515625
2024-01-07,43968.32,44480.59,43572.09,43929.02,23023.8508,43597.53125
2024-01-08,43929.01,47248.99,43175.0,46951.04,72814.57589,43830.17578125
2024-01-09,46951.04,47972.0,44748.67,46110.0,69927.66617,44112.90234375
2024-01-10,46110.0,47695.93,44300.36,46653.99,89911.41203,44437.60546875
2024-01-11,46654.0,48969.48,45606.06,46339.16,87470.3296,44799.91015625
2024-01-12,46339.16,46515.53,41500.0,42782.73,86327.93707,45194.19921875
2024-01-13,42782.74,43257.0,42436.12,42847.99,36118.47464,45580.81640625
2024-01-14,42847.99,43079.0,41720.0,41732.35,28228.40894,45888.19921875
2024-01-15,41732.35,43400.43,41718.05,42511.1,40269.89303,46034.703125
2024-01-16,42511.1,43578.01,42050.0,43137.95,45045.74589,45956.95703125
2024-01-17,43137.94,43198.0,42200.69,42776.1,33266.21388,45642.17578125
2024-01-18,42776.09,42930.0,40683.28,41327.5,43907.51641,45127.75
2024-01-19,41327.51,42196.86,40280.0,41659.03,48342.74559,44478.58984375
2024-01-20,41659.03,41872.56,41456.3,41696.04,15923.99493,43771.48046875
2024-01-21,41696.05,41881.39,41500.98,41580.33,11730.16301,43084.0390625
2024-01-22,41580.32,41689.65,39431.58,39568.02,55426.19911,42481.73828125
2024-01-23,39568.02,40176.74,38555.0,39897.6,57956.63351,41993.18359375
2024-01-24,39897.59,40555.0,39484.19,40084.88,39293.82861,41613.74609375
2024-01-25,40084.89,40300.24,39550.0,39961.09,31022.11853,41322.07421875
2024-01-26,39961.09,42246.82,39822.52,41823.51,47384.96726,41091.34765625
2024-01-27,41823.51,42200.0,41394.34,42120.63,16224.41667,40911.609375
2024-01-28,42120.63,42842.68,41620.81,42031.06,27294.99838,40795.546875
2024-01-29,42031.05,43333.0,41804.88,43302.7,31542.74207,40765.20703125
2024-01-30,43302.71,43882.36,42683.99,42941.1,37619.24546,40848.85546875
2024-01-31,42941.1,43745.11,42276.84,42580.0,39871.13688,41067.91796875
2024-02-01,42580.0,43285.13,41884.28,43082.94,35231.04664,41420.10546875
2024-02-02,43082.95,43488.0,42546.79,43200.0,29672.14418,41880.3515625
2024-02-03,43199.99,43380.01,42880.0,43011.09,12033.40998,42406.87890625
2024-02-04,43011.1,43119.04,42222.0,42582.88,17066.89404,42945.1796875
2024-02-05,42582.88,43569.76,42258.1,42708.7,29467.75905,43433.9375
2024-02-06,42708.7,43399.98,42574.0,43098.95,24675.85433,43818.421875
2024-02-07,43098.96,44396.5,42788.0,44349.6,34392.59915,44064.3984375
2024-02-08,44349.6,45614.3,44331.1,45288.65,45439.62231,44171.64453125
2024-02-09,45288.66,48200.0,45242.12,47132.77,73503.481,44178.67578125
2024-02-10,47132.78,48170.0,46800.0,47751.09,24802.35936,44158.859375
2024-02-11,47751.08,48592.66,47557.16,48299.99,29958.80837,44203.6171875
2024-02-12,48300.0,50334.82,47710.01,49917.27,59009.96705,44394.65625
2024-02-13,49917.28,50368.61,48300.95,49699.59,55551.56706,44792.2421875
2024-02-14,49699.6,52043.71,49225.01,51795.17,57046.37401,45418.79296875
2024-02-15,51795.17,52816.62,51314.0,51880.0,53816.03055,46262.37109375
2024-02-16,51880.01,52572.08,51566.0,52124.11,37772.25318,47279.84375
2024-02-17,52124.1,52162.82,50625.0,51642.64,25674.00622,48399.14453125
2024-02-18,51642.64,52377.0,51163.28,52137.67,21992.10363,49523.57421875
2024-02-19,52137.68,52488.77,51677.0,51774.73,29534.99432,50551.2265625
2024-02-20,51774.74,52985.0,50760.37,52258.82,49614.47318,51391.59765625
2024-02-21,52258.82,52366.8,50625.0,51849.39,43079.40049,51985.27734375
2024-02-22,51849.38,52065.78,50940.78,51288.42,35309.44574,52312.84765625
2024-02-23,51288.42,51548.54,50521.0,50744.15,30545.79544,52389.46484375
2024-02-24,50744.15,51698.0,50585.0,51568.22,16560.4211,52254.90625
2024-02-25,51568.21,51958.55,51279.8,51728.85,18721.63159,51971.0390625
2024-02-26,51728.85,54910.0,50901.44,54476.47,51256.72199,51616.62109375
2024-02-27,54476.48,57588.15,54450.13,57037.34,67194.98562,51291.23828125
2024-02-28,57037.35,64000.0,56691.85,62432.1,118763.46984,51121.2734375
2024-02-29,62432.11,63676.35,60364.7,61130.98,78425.07603,51268.34765625
2024-03-01,61130.99,63114.23,60777.0,62387.9,47737.93473,51878.5703125
2024-03-02,62387.9,62433.19,61561.12,61987.28,25534.73659,53026.3046875
2024-03-03,61987.28,63231.88,61320.0,63113.97,28994.90903,54680.48828125
2024-03-04,63113.97,68499.0,62300.0,68245.71,84835.16005,56699.53125
2024-03-05,68245.71,69000.0,59005.0,63724.01,132696.7813,58899.3828125
2024-03-06,63724.01,67641.1,62779.14,66074.04,78738.85491,61057.75
2024-03-07,66074.04,67980.0,65551.0,66823.17,53059.8869,62944.15234375
2024-03-08,66823.18,69990.0,66082.66,68124.19,74261.932842,64392.7578125
2024-03-09,68124.2,68541.1,67861.1,68313.27,19872.89743,65345.65625
2024-03-10,68313.28,69887.61,68094.75,68955.88,38404.66835,65857.4140625
2024-03-11,68955.88,72800.0,67024.96,72078.1,75292.825726,66071.21875
2024-03-12,72078.1,73000.0,68620.82,71452.01,68783.546691,66190.21875
2024-03-13,71452.0,73650.25,71333.31,73072.41,52659.711647,66415.1015625
2024-03-14,73072.4,73777.0,68555.0,71388.94,71757.628746,66887.078125
2024-03-15,71388.94,72419.71,65600.0,69499.85,103334.03546,67636.1796875
2024-03-16,69499.84,70043.0,64780.0,65300.63,55926.95336,68552.96875
2024-03-17,65300.64,68904.4,64533.0,68393.48,49742.21589,69390.1484375
2024-03-18,68393.47,68956.0,66565.2,67609.99,55691.08088,69876.7734375
2024-03-19,67610.0,68124.11,61555.0,61937.4,101005.32487,69856.59375
2024-03-20,61937.41,68100.0,60775.0,67840.51,90420.58592,69303.5078125
2024-03-21,67840.51,68240.47,64529.01,65501.27,53357.48002,68362.546875
2024-03-22,65501.28,66649.62,62260.0,63796.64,51482.37821,67320.8125
2024-03-23,63796.64,65999.0,63000.0,63990.01,26410.11409,66467.4609375
2024-03-24,63990.02,67628.69,63772.29,67209.99,31395.78015,66002.4140625
2024-03-25,67210.0,71150.0,66385.06,69880.01,53431.14486,66010.6171875
2024-03-26,69880.0,71561.1,69280.0,69988.0,38934.38417,66485.8359375
2024-03-27,69987.99,71769.54,68359.18,69469.99,49119.35685,67344.1484375
2024-03-28,69469.99,71552.06,68903.62,70780.6,35439.03239,68428.3125
2024-03-29,70780.6,70916.16,69009.0,69850.54,25445.08353,69554.9921875
2024-03-30,69850.53,70321.1,69540.0,69582.18,13644.61142,70551.6796875
2024-03-31,69582.17,71366.0,69562.99,71280.01,19396.34433,71278.953125
2024-04-01,71280.0,71288.23,68062.86,69649.8,41445.32039,71674.296875
2024-04-02,69649.81,69674.23,64550.0,65463.99,71799.82793,71748.03125
2024-04-03,65463.99,66903.63,64493.07,65963.28,39887.21778,71519.3828125
2024-04-04,65963.27,69309.91,65064.52,68487.79,41510.48453,70998.65625
2024-04-05,68487.8,68756.67,65952.56,67820.62,37915.23073,70232.5546875
2024-04-06,67820.63,69692.0,67447.83,68896.0,20134.28919,69313.9140625
2024-04-07,68896.0,70326.29,68824.0,69360.39,21534.74433,68369.984375
2024-04-08,69360.38,72797.99,69043.24,71620.0,45723.87624,67543.0078125
2024-04-09,71620.0,71758.19,68210.0,69146.0,39293.90242,66974.6875
2024-04-10,69146.0,71172.08,67518.0,70631.08,42006.02377,66748.515625
2024-04-11,70631.08,71305.89,69567.21,70006.23,31917.25595,66867.75
2024-04-12,70006.22,71227.46,65086.86,67116.52,56072.86229,67255.53125
2024-04-13,67116.52,67929.0,60660.57,63924.51,71395.22019,67746.390625
2024-04-14,63924.52,65840.0,62134.0,65661.84,61599.17818,68113.609375
2024-04-15,65661.85,66867.07,62274.4,63419.99,52389.53069,68138.0078125
2024-04-16,63419.99,64365.0,61600.0,63793.39,53435.29331,67712.8203125
2024-04-17,63793.4,64499.0,59678.16,61277.37,50610.54509,66854.734375
2024-04-18,61277.38,64117.09,60803.35,63470.08,43601.60918,65693.1640625
2024-04-19,63470.09,65450.0,59600.01,63818.01,69774.30271,64427.20703125
2024-04-20,63818.01,65419.0,63090.07,64940.59,23137.42975,63293.83203125
2024-04-21,64940.58,65695.56,64237.5,64941.15,19316.42152,62492.078125
2024-04-22,64941.15,67232.35,64500.0,66819.32,31397.99371,62144.60546875
2024-04-23,66819.32,67183.01,65765.81,66414.0,22599.90004,62272.74609375
2024-04-24,66414.0,67070.43,63606.06,64289.59,33595.69637,62803.33984375
2024-04-25,64289.58,65297.94,62794.0,64498.34,31341.46338,63562.515625
2024-04-26,64498.33,64820.01,63297.48,63770.01,27085.19346,64336.5390625
2024-04-27,63770.0,63923.41,62391.24,63461.98,20933.06052,64903.859375
2024-04-28,63461.98,64370.0,62781.0,63118.62,16949.20005,65125.31640625
2024-04-29,63118.62,64228.35,61765.53,63866.0,28150.22947,64941.83203125
2024-04-30,63866.0,64734.0,59191.6,60672.0,54947.65535,64459.15625
2024-05-01,60672.01,60841.63,56552.82,58364.97,81166.46823,63773.92578125
2024-05-02,58364.97,59625.0,56911.84,59060.61,47583.81961,62991.9140625
2024-05-03,59060.6,63333.0,58811.32,62882.01,43628.40143,62164.28125
2024-05-04,62882.01,64540.0,62541.03,63892.04,24368.69282,61336.12890625
2024-05-05,63892.03,64646.0,62822.17,64012.0,18526.75029,60663.046875
2024-05-06,64012.0,65500.0,62700.0,63165.19,34674.91949,60196.37109375
2024-05-07,63165.18,64422.41,62261.0,62312.08,25598.79472,60013.44921875
2024-05-08,62312.07,63020.22,60888.0,61193.03,26121.19004,60113.04296875
2024-05-09,61193.03,63429.03,60630.0,63074.01,30660.8061,60430.6015625
2024-05-10,63074.0,63469.13,60187.12,60799.99,36529.34025,60851.56640625
2024-05-11,60799.99,61515.0,60487.09,60825.99,13374.56936,61234.52734375
2024-05-12,60825.99,61888.0,60610.0,61483.99,12753.13236,61486.8828125
2024-05-13,61484.0,63450.0,60749.21,62940.08,32733.41839,61518.66796875
2024-05-14,62940.09,63118.36,61142.77,61577.49,29088.72041,61351.19140625
2024-05-15,61577.49,66444.16,61319.47,66206.5,43559.74719,61048.94921875
2024-05-16,66206.51,66752.01,64602.77,65235.21,31106.3671,60755.9375
2024-05-17,65235.21,67451.2,65106.38,67024.0,26292.23409,60597.578125
2024-05-18,67024.0,67400.01,66600.0,66915.2,14441.25774,60730.5390625
2024-05-19,66915.2,67700.0,65857.25,66274.01,18025.30409,61242.3046875
2024-05-20,66274.0,71515.56,66060.31,71446.62,50816.7011,62031.95703125
2024-05-21,71446.62,71979.0,69162.94,70148.34,49607.4336,63053.0078125
2024-05-22,70148.34,70666.0,68842.19,69166.62,27673.18026,64193.42578125
2024-05-23,69166.62,70096.12,66312.16,67969.65,40513.17374,65308.234375
2024-05-24,67969.66,69250.0,66600.12,68549.99,28095.83664,66235.171875
2024-05-25,68549.99,69610.0,68500.0,69290.57,12130.39418,66861.3203125
2024-05-26,69290.56,69562.23,68128.01,68507.67,11872.11797,67157.1328125
2024-05-27,68507.67,70687.56,68250.0,69436.43,23136.92737,67157.765625
2024-05-28,69436.43,69591.81,67277.91,68398.39,32622.97042,66948.640625
2024-05-29,68398.4,68935.68,67124.65,67652.42,23159.83149,66663.6796875
2024-05-30,67652.41,69500.0,67128.0,68352.17,28478.2184,66401.1015625
2024-05-31,68352.17,69044.1,66670.0,67540.01,26690.32184,66218.171875
2024-06-01,67540.01,67900.0,67428.44,67766.85,8837.66133,66155.5859375
2024-06-02,67766.84,68460.0,67257.47,67765.63,15426.32529,66205.5390625
2024-06-03,67765.62,70288.0,67612.48,68809.9,29633.374,66298.9140625
2024-06-04,68809.89,71063.45,68567.32,70537.84,29619.78489,66395.015625
2024-06-05,70537.83,71758.0,70383.66,71108.0,28703.18082,66532.59375
2024-06-06,71108.0,71700.0,70117.64,70799.06,21842.00449,66766.015625
2024-06-07,70799.06,71997.02,68420.0,69355.6,35598.45045,67165.7578125
2024-06-08,69355.6,69582.2,69168.02,69310.46,9773.82967,67734.3828125
2024-06-09,69310.46,69857.14,69130.24,69648.14,9890.56709,68432.890625
2024-06-10,69648.15,70195.94,69172.29,69540.0,17122.66941,69118.2265625
2024-06-11,69540.0,69590.01,66051.0,67314.24,41436.01588,69665.1796875
2024-06-12,67314.23,69999.0,66905.0,68263.99,37175.32356,69953.78125
2024-06-13,68263.98,68449.3,66251.78,66773.01,29079.55571,69904.6015625
2024-06-14,66773.01,67370.24,65078.0,66043.99,28408.18797,69496.0234375
2024-06-15,66043.99,66478.48,65857.1,66228.25,11451.80242,68827.5625
2024-06-16,66228.25,66998.7,66034.5,66676.87,9392.52223,68016.875
2024-06-17,66676.86,67298.81,65130.0,66504.33,27386.16851,67231.2421875
2024-06-18,66504.33,66588.23,64060.0,65175.32,42350.10244,66571.109375
2024-06-19,65175.32,65727.54,64666.0,64974.37,20060.79576,66113.796875
2024-06-20,64974.37,66482.94,64559.15,64869.99,24265.29031,65847.125
2024-06-21,64869.99,65066.66,63379.35,64143.56,25993.56442,65716.0859375
2024-06-22,64143.56,64546.81,63943.82,64262.01,7308.95542,65614.6796875
2024-06-23,64262.01,64521.0,63178.32,63210.01,8224.45447,65462.56640625
2024-06-24,63210.01,63369.8,58402.0,60293.3,52161.35414,65201.0078125
2024-06-25,60293.3,62420.0,60257.06,61806.01,31189.24361,64773.36328125
2024-06-26,61806.01,62487.81,60712.0,60864.99,22485.66463,64187.921875
2024-06-27,60864.98,62389.22,60606.63,61706.47,18344.28631,63492.30078125
2024-06-28,61706.46,62225.31,60063.0,60427.84,24821.19255,62765.05078125
2024-06-29,60427.84,61224.0,60383.77,60986.68,11509.55904,62077.69921875
2024-06-30,60986.68,63058.76,60712.21,62772.01,17326.30136,61509.56640625
2024-07-01,62772.01,63861.76,62497.2,62899.99,24547.10538,61102.5625
2024-07-02,62900.0,63288.83,61806.28,62135.47,18573.11875,60874.71875
2024-07-03,62135.46,62285.94,59400.0,60208.58,32160.11127,60812.33984375
2024-07-04,60208.57,60498.19,56771.0,57050.01,54568.77276,60882.16015625
2024-07-05,57050.02,57546.0,53485.93,56628.79,81348.24756,60966.3671875
2024-07-06,56628.79,58475.0,56018.0,58230.13,21651.31558,60909.6953125
2024-07-07,58230.13,58449.46,55724.37,55857.81,19118.93918,60594.11328125
2024-07-08,55857.81,58236.73,54260.16,56714.62,48090.2049,59976.8203125
2024-07-09,56714.61,58296.0,56289.45,58050.0,27732.20788,59080.29296875
2024-07-10,58050.0,59470.0,57157.79,57725.85,24951.73799,58054.7421875
2024-07-11,57725.85,59650.0,57050.0,57339.89,29761.05735,57061.99609375
2024-07-12,57339.89,58526.68,56542.47,57889.1,23652.4569,56263.71484375
2024-07-13,57889.09,59850.0,57756.63,59204.02,15357.74519,55770.0859375
2024-07-14,59204.01,61420.69,59194.01,60797.91,21178.33907,55646.37109375
2024-07-15,60797.91,64900.0,60632.3,64724.14,38690.9782,55850.28515625
2024-07-16,64724.06,65388.97,62373.24,65043.99,42530.52915,56386.87109375
2024-07-17,65044.0,66128.63,63854.0,64087.99,29567.52954,57208.07421875
2024-07-18,64087.99,65133.3,63238.48,63987.92,22568.7225,58264.88671875
2024-07-19,63987.92,67386.0,63300.67,66660.0,35634.72739,59461.87890625
2024-07-20,66660.01000000,66822.22000000,66222.46000000,66550.01000000,5566.82276000,60662.140625
